draw,Phenotype,logic,dose
0,Slow,AUC_match,550
0,Slow,C24_match,200
0,Slow,C24_ceiling,200
0,Intermediate,AUC_match,1200
0,Intermediate,C24_match,1800
0,Intermediate,C24_ceiling,1800
0,Rapid,AUC_match,1050
0,Rapid,C24_match,1750
0,Rapid,C24_ceiling,1800
1,Slow,AUC_match,650
1,Slow,C24_match,200
1,Slow,C24_ceiling,350
1,Intermediate,AUC_match,1150
1,Intermediate,C24_match,700
1,Intermediate,C24_ceiling,1800
1,Rapid,AUC_match,1600
1,Rapid,C24_match,1800
1,Rapid,C24_ceiling,1800
2,Slow,AUC_match,650
2,Slow,C24_match,200
2,Slow,C24_ceiling,300
2,Intermediate,AUC_match,1100
2,Intermediate,C24_match,500
2,Intermediate,C24_ceiling,1800
2,Rapid,AUC_match,1550
2,Rapid,C24_match,1350
2,Rapid,C24_ceiling,1800
3,Slow,AUC_match,1800
3,Slow,C24_match,250
3,Slow,C24_ceiling,1800
3,Intermediate,AUC_match,1800
3,Intermediate,C24_match,450
3,Intermediate,C24_ceiling,1800
3,Rapid,AUC_match,1800
3,Rapid,C24_match,500
3,Rapid,C24_ceiling,1800
4,Slow,AUC_match,650
4,Slow,C24_match,200
4,Slow,C24_ceiling,350
4,Intermediate,AUC_match,1250
4,Intermediate,C24_match,1250
4,Intermediate,C24_ceiling,1800
4,Rapid,AUC_match,1250
4,Rapid,C24_match,1300
4,Rapid,C24_ceiling,1800
5,Slow,AUC_match,600
5,Slow,C24_match,200
5,Slow,C24_ceiling,300
5,Intermediate,AUC_match,1150
5,Intermediate,C24_match,600
5,Intermediate,C24_ceiling,1800
5,Rapid,AUC_match,1300
5,Rapid,C24_match,900
5,Rapid,C24_ceiling,1800
6,Slow,AUC_match,600
6,Slow,C24_match,200
6,Slow,C24_ceiling,250
6,Intermediate,AUC_match,1300
6,Intermediate,C24_match,750
6,Intermediate,C24_ceiling,1800
6,Rapid,AUC_match,1800
6,Rapid,C24_match,1800
6,Rapid,C24_ceiling,1800
7,Slow,AUC_match,650
7,Slow,C24_match,200
7,Slow,C24_ceiling,450
7,Intermediate,AUC_match,1150
7,Intermediate,C24_match,1050
7,Intermediate,C24_ceiling,1800
7,Rapid,AUC_match,1150
7,Rapid,C24_match,950
7,Rapid,C24_ceiling,1800
8,Slow,AUC_match,700
8,Slow,C24_match,200
8,Slow,C24_ceiling,600
8,Intermediate,AUC_match,1200
8,Intermediate,C24_match,1800
8,Intermediate,C24_ceiling,1800
8,Rapid,AUC_match,1250
8,Rapid,C24_match,1800
8,Rapid,C24_ceiling,1800
9,Slow,AUC_match,550
9,Slow,C24_match,200
9,Slow,C24_ceiling,300
9,Intermediate,AUC_match,1250
9,Intermediate,C24_match,1800
9,Intermediate,C24_ceiling,1800
9,Rapid,AUC_match,1800
9,Rapid,C24_match,1800
9,Rapid,C24_ceiling,1800
10,Slow,AUC_match,550
10,Slow,C24_match,200
10,Slow,C24_ceiling,300
10,Intermediate,AUC_match,1200
10,Intermediate,C24_match,1800
10,Intermediate,C24_ceiling,1800
10,Rapid,AUC_match,1800
10,Rapid,C24_match,1800
10,Rapid,C24_ceiling,1800
11,Slow,AUC_match,550
11,Slow,C24_match,200
11,Slow,C24_ceiling,200
11,Intermediate,AUC_match,1100
11,Intermediate,C24_match,1800
11,Intermediate,C24_ceiling,1800
11,Rapid,AUC_match,1800
11,Rapid,C24_match,1800
11,Rapid,C24_ceiling,1800
12,Slow,AUC_match,700
12,Slow,C24_match,200
12,Slow,C24_ceiling,550
12,Intermediate,AUC_match,1350
12,Intermediate,C24_match,1800
12,Intermediate,C24_ceiling,1800
12,Rapid,AUC_match,1650
12,Rapid,C24_match,1800
12,Rapid,C24_ceiling,1800
13,Slow,AUC_match,850
13,Slow,C24_match,550
13,Slow,C24_ceiling,1400
13,Intermediate,AUC_match,1300
13,Intermediate,C24_match,1800
13,Intermediate,C24_ceiling,1800
13,Rapid,AUC_match,1700
13,Rapid,C24_match,1800
13,Rapid,C24_ceiling,1800
14,Slow,AUC_match,650
14,Slow,C24_match,200
14,Slow,C24_ceiling,350
14,Intermediate,AUC_match,1150
14,Intermediate,C24_match,750
14,Intermediate,C24_ceiling,1800
14,Rapid,AUC_match,850
14,Rapid,C24_match,250
14,Rapid,C24_ceiling,900
15,Slow,AUC_match,600
15,Slow,C24_match,200
15,Slow,C24_ceiling,250
15,Intermediate,AUC_match,1350
15,Intermediate,C24_match,950
15,Intermediate,C24_ceiling,1800
15,Rapid,AUC_match,1800
15,Rapid,C24_match,1800
15,Rapid,C24_ceiling,1800
16,Slow,AUC_match,550
16,Slow,C24_match,200
16,Slow,C24_ceiling,250
16,Intermediate,AUC_match,1050
16,Intermediate,C24_match,1800
16,Intermediate,C24_ceiling,1800
16,Rapid,AUC_match,1250
16,Rapid,C24_match,1800
16,Rapid,C24_ceiling,1800
17,Slow,AUC_match,600
17,Slow,C24_match,200
17,Slow,C24_ceiling,350
17,Intermediate,AUC_match,1150
17,Intermediate,C24_match,800
17,Intermediate,C24_ceiling,1800
17,Rapid,AUC_match,1000
17,Rapid,C24_match,500
17,Rapid,C24_ceiling,1800
18,Slow,AUC_match,500
18,Slow,C24_match,200
18,Slow,C24_ceiling,200
18,Intermediate,AUC_match,1150
18,Intermediate,C24_match,600
18,Intermediate,C24_ceiling,1800
18,Rapid,AUC_match,1800
18,Rapid,C24_match,1800
18,Rapid,C24_ceiling,1800
19,Slow,AUC_match,750
19,Slow,C24_match,200
19,Slow,C24_ceiling,600
19,Intermediate,AUC_match,1300
19,Intermediate,C24_match,950
19,Intermediate,C24_ceiling,1800
19,Rapid,AUC_match,1200
19,Rapid,C24_match,700
19,Rapid,C24_ceiling,1800
20,Slow,AUC_match,550
20,Slow,C24_match,200
20,Slow,C24_ceiling,200
20,Intermediate,AUC_match,1100
20,Intermediate,C24_match,850
20,Intermediate,C24_ceiling,1800
20,Rapid,AUC_match,950
20,Rapid,C24_match,450
20,Rapid,C24_ceiling,1700
21,Slow,AUC_match,550
21,Slow,C24_match,200
21,Slow,C24_ceiling,300
21,Intermediate,AUC_match,1150
21,Intermediate,C24_match,1800
21,Intermediate,C24_ceiling,1800
21,Rapid,AUC_match,1800
21,Rapid,C24_match,1800
21,Rapid,C24_ceiling,1800
22,Slow,AUC_match,700
22,Slow,C24_match,200
22,Slow,C24_ceiling,650
22,Intermediate,AUC_match,1300
22,Intermediate,C24_match,1000
22,Intermediate,C24_ceiling,1800
22,Rapid,AUC_match,1550
22,Rapid,C24_match,1550
22,Rapid,C24_ceiling,1800
23,Slow,AUC_match,500
23,Slow,C24_match,200
23,Slow,C24_ceiling,200
23,Intermediate,AUC_match,1100
23,Intermediate,C24_match,650
23,Intermediate,C24_ceiling,1800
23,Rapid,AUC_match,1600
23,Rapid,C24_match,1800
23,Rapid,C24_ceiling,1800
24,Slow,AUC_match,700
24,Slow,C24_match,200
24,Slow,C24_ceiling,500
24,Intermediate,AUC_match,1100
24,Intermediate,C24_match,1800
24,Intermediate,C24_ceiling,1800
24,Rapid,AUC_match,1400
24,Rapid,C24_match,1800
24,Rapid,C24_ceiling,1800
25,Slow,AUC_match,600
25,Slow,C24_match,200
25,Slow,C24_ceiling,350
25,Intermediate,AUC_match,1300
25,Intermediate,C24_match,1800
25,Intermediate,C24_ceiling,1800
25,Rapid,AUC_match,1800
25,Rapid,C24_match,1800
25,Rapid,C24_ceiling,1800
26,Slow,AUC_match,750
26,Slow,C24_match,200
26,Slow,C24_ceiling,700
26,Intermediate,AUC_match,1250
26,Intermediate,C24_match,1000
26,Intermediate,C24_ceiling,1800
26,Rapid,AUC_match,1400
26,Rapid,C24_match,1250
26,Rapid,C24_ceiling,1800
27,Slow,AUC_match,650
27,Slow,C24_match,200
27,Slow,C24_ceiling,350
27,Intermediate,AUC_match,1150
27,Intermediate,C24_match,650
27,Intermediate,C24_ceiling,1800
27,Rapid,AUC_match,1750
27,Rapid,C24_match,1800
27,Rapid,C24_ceiling,1800
28,Slow,AUC_match,650
28,Slow,C24_match,200
28,Slow,C24_ceiling,350
28,Intermediate,AUC_match,1350
28,Intermediate,C24_match,1500
28,Intermediate,C24_ceiling,1800
28,Rapid,AUC_match,1800
28,Rapid,C24_match,1800
28,Rapid,C24_ceiling,1800
29,Slow,AUC_match,750
29,Slow,C24_match,200
29,Slow,C24_ceiling,700
29,Intermediate,AUC_match,1250
29,Intermediate,C24_match,950
29,Intermediate,C24_ceiling,1800
29,Rapid,AUC_match,1800
29,Rapid,C24_match,1800
29,Rapid,C24_ceiling,1800
30,Slow,AUC_match,600
30,Slow,C24_match,200
30,Slow,C24_ceiling,250
30,Intermediate,AUC_match,1100
30,Intermediate,C24_match,450
30,Intermediate,C24_ceiling,1800
30,Rapid,AUC_match,1450
30,Rapid,C24_match,1000
30,Rapid,C24_ceiling,1800
31,Slow,AUC_match,750
31,Slow,C24_match,200
31,Slow,C24_ceiling,650
31,Intermediate,AUC_match,1200
31,Intermediate,C24_match,1100
31,Intermediate,C24_ceiling,1800
31,Rapid,AUC_match,1500
31,Rapid,C24_match,1800
31,Rapid,C24_ceiling,1800
32,Slow,AUC_match,600
32,Slow,C24_match,200
32,Slow,C24_ceiling,300
32,Intermediate,AUC_match,1350
32,Intermediate,C24_match,1800
32,Intermediate,C24_ceiling,1800
32,Rapid,AUC_match,1800
32,Rapid,C24_match,1800
32,Rapid,C24_ceiling,1800
33,Slow,AUC_match,600
33,Slow,C24_match,200
33,Slow,C24_ceiling,350
33,Intermediate,AUC_match,1150
33,Intermediate,C24_match,1800
33,Intermediate,C24_ceiling,1800
33,Rapid,AUC_match,1800
33,Rapid,C24_match,1800
33,Rapid,C24_ceiling,1800
34,Slow,AUC_match,1800
34,Slow,C24_match,300
34,Slow,C24_ceiling,1800
34,Intermediate,AUC_match,1800
34,Intermediate,C24_match,450
34,Intermediate,C24_ceiling,1800
34,Rapid,AUC_match,1800
34,Rapid,C24_match,600
34,Rapid,C24_ceiling,1800
35,Slow,AUC_match,600
35,Slow,C24_match,200
35,Slow,C24_ceiling,250
35,Intermediate,AUC_match,1200
35,Intermediate,C24_match,650
35,Intermediate,C24_ceiling,1800
35,Rapid,AUC_match,1100
35,Rapid,C24_match,500
35,Rapid,C24_ceiling,1800
36,Slow,AUC_match,850
36,Slow,C24_match,200
36,Slow,C24_ceiling,750
36,Intermediate,AUC_match,1350
36,Intermediate,C24_match,1250
36,Intermediate,C24_ceiling,1800
36,Rapid,AUC_match,1650
36,Rapid,C24_match,1800
36,Rapid,C24_ceiling,1800
37,Slow,AUC_match,650
37,Slow,C24_match,200
37,Slow,C24_ceiling,400
37,Intermediate,AUC_match,1250
37,Intermediate,C24_match,1000
37,Intermediate,C24_ceiling,1800
37,Rapid,AUC_match,1800
37,Rapid,C24_match,1800
37,Rapid,C24_ceiling,1800
38,Slow,AUC_match,600
38,Slow,C24_match,200
38,Slow,C24_ceiling,250
38,Intermediate,AUC_match,1200
38,Intermediate,C24_match,650
38,Intermediate,C24_ceiling,1800
38,Rapid,AUC_match,1700
38,Rapid,C24_match,1700
38,Rapid,C24_ceiling,1800
39,Slow,AUC_match,600
39,Slow,C24_match,200
39,Slow,C24_ceiling,300
39,Intermediate,AUC_match,1350
39,Intermediate,C24_match,1200
39,Intermediate,C24_ceiling,1800
39,Rapid,AUC_match,1250
39,Rapid,C24_match,950
39,Rapid,C24_ceiling,1800
40,Slow,AUC_match,600
40,Slow,C24_match,200
40,Slow,C24_ceiling,400
40,Intermediate,AUC_match,1150
40,Intermediate,C24_match,1800
40,Intermediate,C24_ceiling,1800
40,Rapid,AUC_match,1250
40,Rapid,C24_match,1800
40,Rapid,C24_ceiling,1800
41,Slow,AUC_match,700
41,Slow,C24_match,200
41,Slow,C24_ceiling,600
41,Intermediate,AUC_match,1250
41,Intermediate,C24_match,1800
41,Intermediate,C24_ceiling,1800
41,Rapid,AUC_match,750
41,Rapid,C24_match,200
41,Rapid,C24_ceiling,650
42,Slow,AUC_match,600
42,Slow,C24_match,200
42,Slow,C24_ceiling,250
42,Intermediate,AUC_match,1150
42,Intermediate,C24_match,600
42,Intermediate,C24_ceiling,1800
42,Rapid,AUC_match,1800
42,Rapid,C24_match,1800
42,Rapid,C24_ceiling,1800
43,Slow,AUC_match,900
43,Slow,C24_match,850
43,Slow,C24_ceiling,1800
43,Intermediate,AUC_match,1250
43,Intermediate,C24_match,1800
43,Intermediate,C24_ceiling,1800
43,Rapid,AUC_match,1800
43,Rapid,C24_match,1800
43,Rapid,C24_ceiling,1800
44,Slow,AUC_match,550
44,Slow,C24_match,200
44,Slow,C24_ceiling,200
44,Intermediate,AUC_match,1200
44,Intermediate,C24_match,750
44,Intermediate,C24_ceiling,1800
44,Rapid,AUC_match,1800
44,Rapid,C24_match,1800
44,Rapid,C24_ceiling,1800
45,Slow,AUC_match,550
45,Slow,C24_match,200
45,Slow,C24_ceiling,200
45,Intermediate,AUC_match,1100
45,Intermediate,C24_match,500
45,Intermediate,C24_ceiling,1800
45,Rapid,AUC_match,1300
45,Rapid,C24_match,800
45,Rapid,C24_ceiling,1800
46,Slow,AUC_match,700
46,Slow,C24_match,200
46,Slow,C24_ceiling,600
46,Intermediate,AUC_match,1300
46,Intermediate,C24_match,1800
46,Intermediate,C24_ceiling,1800
46,Rapid,AUC_match,1800
46,Rapid,C24_match,1800
46,Rapid,C24_ceiling,1800
47,Slow,AUC_match,500
47,Slow,C24_match,200
47,Slow,C24_ceiling,200
47,Intermediate,AUC_match,1100
47,Intermediate,C24_match,700
47,Intermediate,C24_ceiling,1800
47,Rapid,AUC_match,1650
47,Rapid,C24_match,1800
47,Rapid,C24_ceiling,1800
48,Slow,AUC_match,950
48,Slow,C24_match,350
48,Slow,C24_ceiling,1450
48,Intermediate,AUC_match,1350
48,Intermediate,C24_match,1000
48,Intermediate,C24_ceiling,1800
48,Rapid,AUC_match,1800
48,Rapid,C24_match,1800
48,Rapid,C24_ceiling,1800
49,Slow,AUC_match,600
49,Slow,C24_match,200
49,Slow,C24_ceiling,300
49,Intermediate,AUC_match,1300
49,Intermediate,C24_match,1800
49,Intermediate,C24_ceiling,1800
49,Rapid,AUC_match,1600
49,Rapid,C24_match,1800
49,Rapid,C24_ceiling,1800
50,Slow,AUC_match,750
50,Slow,C24_match,200
50,Slow,C24_ceiling,750
50,Intermediate,AUC_match,1300
50,Intermediate,C24_match,1450
50,Intermediate,C24_ceiling,1800
50,Rapid,AUC_match,1800
50,Rapid,C24_match,1800
50,Rapid,C24_ceiling,1800
51,Slow,AUC_match,600
51,Slow,C24_match,200
51,Slow,C24_ceiling,350
51,Intermediate,AUC_match,1150
51,Intermediate,C24_match,1800
51,Intermediate,C24_ceiling,1800
51,Rapid,AUC_match,1300
51,Rapid,C24_match,1800
51,Rapid,C24_ceiling,1800
52,Slow,AUC_match,650
52,Slow,C24_match,200
52,Slow,C24_ceiling,400
52,Intermediate,AUC_match,1200
52,Intermediate,C24_match,1800
52,Intermediate,C24_ceiling,1800
52,Rapid,AUC_match,1550
52,Rapid,C24_match,1800
52,Rapid,C24_ceiling,1800
53,Slow,AUC_match,550
53,Slow,C24_match,200
53,Slow,C24_ceiling,200
53,Intermediate,AUC_match,1050
53,Intermediate,C24_match,500
53,Intermediate,C24_ceiling,1800
53,Rapid,AUC_match,1250
53,Rapid,C24_match,800
53,Rapid,C24_ceiling,1800
54,Slow,AUC_match,750
54,Slow,C24_match,200
54,Slow,C24_ceiling,400
54,Intermediate,AUC_match,1300
54,Intermediate,C24_match,700
54,Intermediate,C24_ceiling,1800
54,Rapid,AUC_match,1600
54,Rapid,C24_match,1150
54,Rapid,C24_ceiling,1800
55,Slow,AUC_match,750
55,Slow,C24_match,250
55,Slow,C24_ceiling,750
55,Intermediate,AUC_match,1200
55,Intermediate,C24_match,1800
55,Intermediate,C24_ceiling,1800
55,Rapid,AUC_match,1250
55,Rapid,C24_match,1800
55,Rapid,C24_ceiling,1800
56,Slow,AUC_match,550
56,Slow,C24_match,200
56,Slow,C24_ceiling,250
56,Intermediate,AUC_match,1100
56,Intermediate,C24_match,1800
56,Intermediate,C24_ceiling,1800
56,Rapid,AUC_match,900
56,Rapid,C24_match,500
56,Rapid,C24_ceiling,1300
57,Slow,AUC_match,600
57,Slow,C24_match,200
57,Slow,C24_ceiling,200
57,Intermediate,AUC_match,1150
57,Intermediate,C24_match,800
57,Intermediate,C24_ceiling,1800
57,Rapid,AUC_match,1800
57,Rapid,C24_match,1800
57,Rapid,C24_ceiling,1800
58,Slow,AUC_match,700
58,Slow,C24_match,200
58,Slow,C24_ceiling,550
58,Intermediate,AUC_match,1250
58,Intermediate,C24_match,1450
58,Intermediate,C24_ceiling,1800
58,Rapid,AUC_match,1800
58,Rapid,C24_match,1800
58,Rapid,C24_ceiling,1800
59,Slow,AUC_match,650
59,Slow,C24_match,200
59,Slow,C24_ceiling,300
59,Intermediate,AUC_match,1250
59,Intermediate,C24_match,700
59,Intermediate,C24_ceiling,1800
59,Rapid,AUC_match,1450
59,Rapid,C24_match,1050
59,Rapid,C24_ceiling,1800
60,Slow,AUC_match,550
60,Slow,C24_match,200
60,Slow,C24_ceiling,200
60,Intermediate,AUC_match,1150
60,Intermediate,C24_match,1150
60,Intermediate,C24_ceiling,1800
60,Rapid,AUC_match,1700
60,Rapid,C24_match,1800
60,Rapid,C24_ceiling,1800
61,Slow,AUC_match,600
61,Slow,C24_match,200
61,Slow,C24_ceiling,300
61,Intermediate,AUC_match,1150
61,Intermediate,C24_match,850
61,Intermediate,C24_ceiling,1800
61,Rapid,AUC_match,1000
61,Rapid,C24_match,450
61,Rapid,C24_ceiling,1800
62,Slow,AUC_match,650
62,Slow,C24_match,200
62,Slow,C24_ceiling,350
62,Intermediate,AUC_match,1150
62,Intermediate,C24_match,800
62,Intermediate,C24_ceiling,1800
62,Rapid,AUC_match,1200
62,Rapid,C24_match,850
62,Rapid,C24_ceiling,1800
63,Slow,AUC_match,700
63,Slow,C24_match,200
63,Slow,C24_ceiling,450
63,Intermediate,AUC_match,1250
63,Intermediate,C24_match,1350
63,Intermediate,C24_ceiling,1800
63,Rapid,AUC_match,1100
63,Rapid,C24_match,850
63,Rapid,C24_ceiling,1800
64,Slow,AUC_match,550
64,Slow,C24_match,200
64,Slow,C24_ceiling,200
64,Intermediate,AUC_match,1100
64,Intermediate,C24_match,1800
64,Intermediate,C24_ceiling,1800
64,Rapid,AUC_match,1800
64,Rapid,C24_match,1800
64,Rapid,C24_ceiling,1800
65,Slow,AUC_match,600
65,Slow,C24_match,200
65,Slow,C24_ceiling,300
65,Intermediate,AUC_match,1100
65,Intermediate,C24_match,550
65,Intermediate,C24_ceiling,1800
65,Rapid,AUC_match,1800
65,Rapid,C24_match,1800
65,Rapid,C24_ceiling,1800
66,Slow,AUC_match,650
66,Slow,C24_match,200
66,Slow,C24_ceiling,400
66,Intermediate,AUC_match,1250
66,Intermediate,C24_match,1800
66,Intermediate,C24_ceiling,1800
66,Rapid,AUC_match,1800
66,Rapid,C24_match,1800
66,Rapid,C24_ceiling,1800
67,Slow,AUC_match,550
67,Slow,C24_match,200
67,Slow,C24_ceiling,200
67,Intermediate,AUC_match,1300
67,Intermediate,C24_match,1250
67,Intermediate,C24_ceiling,1800
67,Rapid,AUC_match,1450
67,Rapid,C24_match,1700
67,Rapid,C24_ceiling,1800
68,Slow,AUC_match,600
68,Slow,C24_match,200
68,Slow,C24_ceiling,300
68,Intermediate,AUC_match,1200
68,Intermediate,C24_match,950
68,Intermediate,C24_ceiling,1800
68,Rapid,AUC_match,1800
68,Rapid,C24_match,1800
68,Rapid,C24_ceiling,1800
69,Slow,AUC_match,550
69,Slow,C24_match,200
69,Slow,C24_ceiling,250
69,Intermediate,AUC_match,1300
69,Intermediate,C24_match,900
69,Intermediate,C24_ceiling,1800
69,Rapid,AUC_match,1550
69,Rapid,C24_match,1400
69,Rapid,C24_ceiling,1800
70,Slow,AUC_match,600
70,Slow,C24_match,200
70,Slow,C24_ceiling,350
70,Intermediate,AUC_match,1150
70,Intermediate,C24_match,1800
70,Intermediate,C24_ceiling,1800
70,Rapid,AUC_match,1350
70,Rapid,C24_match,1800
70,Rapid,C24_ceiling,1800
71,Slow,AUC_match,700
71,Slow,C24_match,200
71,Slow,C24_ceiling,450
71,Intermediate,AUC_match,1250
71,Intermediate,C24_match,650
71,Intermediate,C24_ceiling,1800
71,Rapid,AUC_match,1100
71,Rapid,C24_match,450
71,Rapid,C24_ceiling,1800
72,Slow,AUC_match,600
72,Slow,C24_match,200
72,Slow,C24_ceiling,250
72,Intermediate,AUC_match,1150
72,Intermediate,C24_match,1800
72,Intermediate,C24_ceiling,1800
72,Rapid,AUC_match,1800
72,Rapid,C24_match,1800
72,Rapid,C24_ceiling,1800
73,Slow,AUC_match,1800
73,Slow,C24_match,250
73,Slow,C24_ceiling,1800
73,Intermediate,AUC_match,1800
73,Intermediate,C24_match,450
73,Intermediate,C24_ceiling,1800
73,Rapid,AUC_match,1800
73,Rapid,C24_match,500
73,Rapid,C24_ceiling,1800
74,Slow,AUC_match,600
74,Slow,C24_match,200
74,Slow,C24_ceiling,250
74,Intermediate,AUC_match,1150
74,Intermediate,C24_match,1150
74,Intermediate,C24_ceiling,1800
74,Rapid,AUC_match,1800
74,Rapid,C24_match,1800
74,Rapid,C24_ceiling,1800
75,Slow,AUC_match,500
75,Slow,C24_match,200
75,Slow,C24_ceiling,200
75,Intermediate,AUC_match,1150
75,Intermediate,C24_match,1800
75,Intermediate,C24_ceiling,1800
75,Rapid,AUC_match,900
75,Rapid,C24_match,650
75,Rapid,C24_ceiling,1650
76,Slow,AUC_match,1800
76,Slow,C24_match,250
76,Slow,C24_ceiling,1800
76,Intermediate,AUC_match,1800
76,Intermediate,C24_match,450
76,Intermediate,C24_ceiling,1800
76,Rapid,AUC_match,1800
76,Rapid,C24_match,800
76,Rapid,C24_ceiling,1800
77,Slow,AUC_match,750
77,Slow,C24_match,200
77,Slow,C24_ceiling,350
77,Intermediate,AUC_match,1250
77,Intermediate,C24_match,450
77,Intermediate,C24_ceiling,1800
77,Rapid,AUC_match,1800
77,Rapid,C24_match,1800
77,Rapid,C24_ceiling,1800
78,Slow,AUC_match,650
78,Slow,C24_match,200
78,Slow,C24_ceiling,400
78,Intermediate,AUC_match,1200
78,Intermediate,C24_match,1000
78,Intermediate,C24_ceiling,1800
78,Rapid,AUC_match,1550
78,Rapid,C24_match,1800
78,Rapid,C24_ceiling,1800
79,Slow,AUC_match,650
79,Slow,C24_match,200
79,Slow,C24_ceiling,350
79,Intermediate,AUC_match,1050
79,Intermediate,C24_match,450
79,Intermediate,C24_ceiling,1800
79,Rapid,AUC_match,1600
79,Rapid,C24_match,1300
79,Rapid,C24_ceiling,1800
80,Slow,AUC_match,850
80,Slow,C24_match,200
80,Slow,C24_ceiling,950
80,Intermediate,AUC_match,1350
80,Intermediate,C24_match,800
80,Intermediate,C24_ceiling,1800
80,Rapid,AUC_match,1150
80,Rapid,C24_match,500
80,Rapid,C24_ceiling,1800
81,Slow,AUC_match,600
81,Slow,C24_match,200
81,Slow,C24_ceiling,350
81,Intermediate,AUC_match,1100
81,Intermediate,C24_match,750
81,Intermediate,C24_ceiling,1800
81,Rapid,AUC_match,1550
81,Rapid,C24_match,1800
81,Rapid,C24_ceiling,1800
82,Slow,AUC_match,650
82,Slow,C24_match,200
82,Slow,C24_ceiling,350
82,Intermediate,AUC_match,1300
82,Intermediate,C24_match,1300
82,Intermediate,C24_ceiling,1800
82,Rapid,AUC_match,1100
82,Rapid,C24_match,650
82,Rapid,C24_ceiling,1800
83,Slow,AUC_match,700
83,Slow,C24_match,200
83,Slow,C24_ceiling,400
83,Intermediate,AUC_match,1300
83,Intermediate,C24_match,1100
83,Intermediate,C24_ceiling,1800
83,Rapid,AUC_match,1250
83,Rapid,C24_match,900
83,Rapid,C24_ceiling,1800
84,Slow,AUC_match,750
84,Slow,C24_match,200
84,Slow,C24_ceiling,750
84,Intermediate,AUC_match,1350
84,Intermediate,C24_match,1500
84,Intermediate,C24_ceiling,1800
84,Rapid,AUC_match,1800
84,Rapid,C24_match,1800
84,Rapid,C24_ceiling,1800
85,Slow,AUC_match,650
85,Slow,C24_match,200
85,Slow,C24_ceiling,400
85,Intermediate,AUC_match,1350
85,Intermediate,C24_match,1550
85,Intermediate,C24_ceiling,1800
85,Rapid,AUC_match,1500
85,Rapid,C24_match,1800
85,Rapid,C24_ceiling,1800
86,Slow,AUC_match,850
86,Slow,C24_match,200
86,Slow,C24_ceiling,750
86,Intermediate,AUC_match,1300
86,Intermediate,C24_match,900
86,Intermediate,C24_ceiling,1800
86,Rapid,AUC_match,1800
86,Rapid,C24_match,1800
86,Rapid,C24_ceiling,1800
87,Slow,AUC_match,550
87,Slow,C24_match,200
87,Slow,C24_ceiling,200
87,Intermediate,AUC_match,1150
87,Intermediate,C24_match,1800
87,Intermediate,C24_ceiling,1800
87,Rapid,AUC_match,1500
87,Rapid,C24_match,1800
87,Rapid,C24_ceiling,1800
88,Slow,AUC_match,800
88,Slow,C24_match,350
88,Slow,C24_ceiling,1050
88,Intermediate,AUC_match,1250
88,Intermediate,C24_match,1800
88,Intermediate,C24_ceiling,1800
88,Rapid,AUC_match,1600
88,Rapid,C24_match,1800
88,Rapid,C24_ceiling,1800
89,Slow,AUC_match,750
89,Slow,C24_match,200
89,Slow,C24_ceiling,450
89,Intermediate,AUC_match,1300
89,Intermediate,C24_match,800
89,Intermediate,C24_ceiling,1800
89,Rapid,AUC_match,1800
89,Rapid,C24_match,1800
89,Rapid,C24_ceiling,1800
90,Slow,AUC_match,600
90,Slow,C24_match,200
90,Slow,C24_ceiling,250
90,Intermediate,AUC_match,1350
90,Intermediate,C24_match,900
90,Intermediate,C24_ceiling,1800
90,Rapid,AUC_match,1550
90,Rapid,C24_match,1300
90,Rapid,C24_ceiling,1800
91,Slow,AUC_match,600
91,Slow,C24_match,200
91,Slow,C24_ceiling,250
91,Intermediate,AUC_match,1300
91,Intermediate,C24_match,900
91,Intermediate,C24_ceiling,1800
91,Rapid,AUC_match,1200
91,Rapid,C24_match,700
91,Rapid,C24_ceiling,1800
92,Slow,AUC_match,800
92,Slow,C24_match,200
92,Slow,C24_ceiling,600
92,Intermediate,AUC_match,1400
92,Intermediate,C24_match,1150
92,Intermediate,C24_ceiling,1800
92,Rapid,AUC_match,1800
92,Rapid,C24_match,1800
92,Rapid,C24_ceiling,1800
93,Slow,AUC_match,700
93,Slow,C24_match,200
93,Slow,C24_ceiling,400
93,Intermediate,AUC_match,1300
93,Intermediate,C24_match,1300
93,Intermediate,C24_ceiling,1800
93,Rapid,AUC_match,1350
93,Rapid,C24_match,1400
93,Rapid,C24_ceiling,1800
94,Slow,AUC_match,650
94,Slow,C24_match,200
94,Slow,C24_ceiling,400
94,Intermediate,AUC_match,1150
94,Intermediate,C24_match,750
94,Intermediate,C24_ceiling,1800
94,Rapid,AUC_match,1000
94,Rapid,C24_match,400
94,Rapid,C24_ceiling,1550
95,Slow,AUC_match,600
95,Slow,C24_match,200
95,Slow,C24_ceiling,300
95,Intermediate,AUC_match,1250
95,Intermediate,C24_match,1800
95,Intermediate,C24_ceiling,1800
95,Rapid,AUC_match,900
95,Rapid,C24_match,450
95,Rapid,C24_ceiling,1300
96,Slow,AUC_match,750
96,Slow,C24_match,250
96,Slow,C24_ceiling,750
96,Intermediate,AUC_match,1050
96,Intermediate,C24_match,1800
96,Intermediate,C24_ceiling,1800
96,Rapid,AUC_match,1800
96,Rapid,C24_match,1800
96,Rapid,C24_ceiling,1800
97,Slow,AUC_match,600
97,Slow,C24_match,200
97,Slow,C24_ceiling,400
97,Intermediate,AUC_match,1250
97,Intermediate,C24_match,1300
97,Intermediate,C24_ceiling,1800
97,Rapid,AUC_match,800
97,Rapid,C24_match,200
97,Rapid,C24_ceiling,800
98,Slow,AUC_match,500
98,Slow,C24_match,200
98,Slow,C24_ceiling,200
98,Intermediate,AUC_match,1200
98,Intermediate,C24_match,1800
98,Intermediate,C24_ceiling,1800
98,Rapid,AUC_match,1250
98,Rapid,C24_match,1800
98,Rapid,C24_ceiling,1800
99,Slow,AUC_match,750
99,Slow,C24_match,200
99,Slow,C24_ceiling,500
99,Intermediate,AUC_match,1250
99,Intermediate,C24_match,950
99,Intermediate,C24_ceiling,1800
99,Rapid,AUC_match,1800
99,Rapid,C24_match,1800
99,Rapid,C24_ceiling,1800
100,Slow,AUC_match,650
100,Slow,C24_match,200
100,Slow,C24_ceiling,300
100,Intermediate,AUC_match,1350
100,Intermediate,C24_match,750
100,Intermediate,C24_ceiling,1800
100,Rapid,AUC_match,800
100,Rapid,C24_match,200
100,Rapid,C24_ceiling,550
101,Slow,AUC_match,600
101,Slow,C24_match,200
101,Slow,C24_ceiling,300
101,Intermediate,AUC_match,1150
101,Intermediate,C24_match,800
101,Intermediate,C24_ceiling,1800
101,Rapid,AUC_match,1650
101,Rapid,C24_match,1800
101,Rapid,C24_ceiling,1800
102,Slow,AUC_match,750
102,Slow,C24_match,300
102,Slow,C24_ceiling,900
102,Intermediate,AUC_match,1250
102,Intermediate,C24_match,1800
102,Intermediate,C24_ceiling,1800
102,Rapid,AUC_match,1800
102,Rapid,C24_match,1800
102,Rapid,C24_ceiling,1800
103,Slow,AUC_match,700
103,Slow,C24_match,200
103,Slow,C24_ceiling,300
103,Intermediate,AUC_match,1200
103,Intermediate,C24_match,600
103,Intermediate,C24_ceiling,1800
103,Rapid,AUC_match,900
103,Rapid,C24_match,200
103,Rapid,C24_ceiling,600
104,Slow,AUC_match,600
104,Slow,C24_match,200
104,Slow,C24_ceiling,300
104,Intermediate,AUC_match,1300
104,Intermediate,C24_match,1800
104,Intermediate,C24_ceiling,1800
104,Rapid,AUC_match,1000
104,Rapid,C24_match,1150
104,Rapid,C24_ceiling,1800
105,Slow,AUC_match,600
105,Slow,C24_match,200
105,Slow,C24_ceiling,300
105,Intermediate,AUC_match,1150
105,Intermediate,C24_match,800
105,Intermediate,C24_ceiling,1800
105,Rapid,AUC_match,1200
105,Rapid,C24_match,850
105,Rapid,C24_ceiling,1800
106,Slow,AUC_match,550
106,Slow,C24_match,200
106,Slow,C24_ceiling,200
106,Intermediate,AUC_match,1100
106,Intermediate,C24_match,1800
106,Intermediate,C24_ceiling,1800
106,Rapid,AUC_match,1200
106,Rapid,C24_match,1800
106,Rapid,C24_ceiling,1800
107,Slow,AUC_match,700
107,Slow,C24_match,200
107,Slow,C24_ceiling,450
107,Intermediate,AUC_match,1200
107,Intermediate,C24_match,600
107,Intermediate,C24_ceiling,1800
107,Rapid,AUC_match,1800
107,Rapid,C24_match,1800
107,Rapid,C24_ceiling,1800
108,Slow,AUC_match,850
108,Slow,C24_match,300
108,Slow,C24_ceiling,1100
108,Intermediate,AUC_match,1300
108,Intermediate,C24_match,1700
108,Intermediate,C24_ceiling,1800
108,Rapid,AUC_match,1300
108,Rapid,C24_match,1600
108,Rapid,C24_ceiling,1800
109,Slow,AUC_match,750
109,Slow,C24_match,250
109,Slow,C24_ceiling,750
109,Intermediate,AUC_match,1250
109,Intermediate,C24_match,1800
109,Intermediate,C24_ceiling,1800
109,Rapid,AUC_match,1800
109,Rapid,C24_match,1800
109,Rapid,C24_ceiling,1800
110,Slow,AUC_match,600
110,Slow,C24_match,200
110,Slow,C24_ceiling,300
110,Intermediate,AUC_match,1150
110,Intermediate,C24_match,1000
110,Intermediate,C24_ceiling,1800
110,Rapid,AUC_match,1800
110,Rapid,C24_match,1800
110,Rapid,C24_ceiling,1800
111,Slow,AUC_match,850
111,Slow,C24_match,200
111,Slow,C24_ceiling,800
111,Intermediate,AUC_match,1350
111,Intermediate,C24_match,850
111,Intermediate,C24_ceiling,1800
111,Rapid,AUC_match,1800
111,Rapid,C24_match,1800
111,Rapid,C24_ceiling,1800
112,Slow,AUC_match,650
112,Slow,C24_match,200
112,Slow,C24_ceiling,400
112,Intermediate,AUC_match,1300
112,Intermediate,C24_match,1800
112,Intermediate,C24_ceiling,1800
112,Rapid,AUC_match,1600
112,Rapid,C24_match,1800
112,Rapid,C24_ceiling,1800
113,Slow,AUC_match,700
113,Slow,C24_match,200
113,Slow,C24_ceiling,400
113,Intermediate,AUC_match,1150
113,Intermediate,C24_match,700
113,Intermediate,C24_ceiling,1800
113,Rapid,AUC_match,1400
113,Rapid,C24_match,1150
113,Rapid,C24_ceiling,1800
114,Slow,AUC_match,850
114,Slow,C24_match,350
114,Slow,C24_ceiling,1250
114,Intermediate,AUC_match,1450
114,Intermediate,C24_match,1800
114,Intermediate,C24_ceiling,1800
114,Rapid,AUC_match,1800
114,Rapid,C24_match,1800
114,Rapid,C24_ceiling,1800
115,Slow,AUC_match,600
115,Slow,C24_match,200
115,Slow,C24_ceiling,400
115,Intermediate,AUC_match,1150
115,Intermediate,C24_match,1800
115,Intermediate,C24_ceiling,1800
115,Rapid,AUC_match,1350
115,Rapid,C24_match,1800
115,Rapid,C24_ceiling,1800
116,Slow,AUC_match,750
116,Slow,C24_match,300
116,Slow,C24_ceiling,850
116,Intermediate,AUC_match,1200
116,Intermediate,C24_match,1800
116,Intermediate,C24_ceiling,1800
116,Rapid,AUC_match,900
116,Rapid,C24_match,500
116,Rapid,C24_ceiling,1400
117,Slow,AUC_match,650
117,Slow,C24_match,200
117,Slow,C24_ceiling,350
117,Intermediate,AUC_match,1250
117,Intermediate,C24_match,850
117,Intermediate,C24_ceiling,1800
117,Rapid,AUC_match,1200
117,Rapid,C24_match,750
117,Rapid,C24_ceiling,1800
118,Slow,AUC_match,400
118,Slow,C24_match,200
118,Slow,C24_ceiling,200
118,Intermediate,AUC_match,1050
118,Intermediate,C24_match,450
118,Intermediate,C24_ceiling,1800
118,Rapid,AUC_match,1000
118,Rapid,C24_match,400
118,Rapid,C24_ceiling,1500
119,Slow,AUC_match,550
119,Slow,C24_match,200
119,Slow,C24_ceiling,200
119,Intermediate,AUC_match,1050
119,Intermediate,C24_match,1750
119,Intermediate,C24_ceiling,1800
119,Rapid,AUC_match,1100
119,Rapid,C24_match,1800
119,Rapid,C24_ceiling,1800
120,Slow,AUC_match,650
120,Slow,C24_match,200
120,Slow,C24_ceiling,500
120,Intermediate,AUC_match,1250
120,Intermediate,C24_match,1800
120,Intermediate,C24_ceiling,1800
120,Rapid,AUC_match,1550
120,Rapid,C24_match,1800
120,Rapid,C24_ceiling,1800
121,Slow,AUC_match,700
121,Slow,C24_match,200
121,Slow,C24_ceiling,450
121,Intermediate,AUC_match,1300
121,Intermediate,C24_match,1000
121,Intermediate,C24_ceiling,1800
121,Rapid,AUC_match,1400
121,Rapid,C24_match,1100
121,Rapid,C24_ceiling,1800
122,Slow,AUC_match,700
122,Slow,C24_match,200
122,Slow,C24_ceiling,600
122,Intermediate,AUC_match,1250
122,Intermediate,C24_match,1400
122,Intermediate,C24_ceiling,1800
122,Rapid,AUC_match,1600
122,Rapid,C24_match,1800
122,Rapid,C24_ceiling,1800
123,Slow,AUC_match,850
123,Slow,C24_match,200
123,Slow,C24_ceiling,850
123,Intermediate,AUC_match,1250
123,Intermediate,C24_match,950
123,Intermediate,C24_ceiling,1800
123,Rapid,AUC_match,950
123,Rapid,C24_match,350
123,Rapid,C24_ceiling,1300
124,Slow,AUC_match,650
124,Slow,C24_match,200
124,Slow,C24_ceiling,400
124,Intermediate,AUC_match,1200
124,Intermediate,C24_match,1800
124,Intermediate,C24_ceiling,1800
124,Rapid,AUC_match,950
124,Rapid,C24_match,850
124,Rapid,C24_ceiling,1800
125,Slow,AUC_match,550
125,Slow,C24_match,200
125,Slow,C24_ceiling,200
125,Intermediate,AUC_match,1150
125,Intermediate,C24_match,700
125,Intermediate,C24_ceiling,1800
125,Rapid,AUC_match,1500
125,Rapid,C24_match,1350
125,Rapid,C24_ceiling,1800
126,Slow,AUC_match,1800
126,Slow,C24_match,200
126,Slow,C24_ceiling,1650
126,Intermediate,AUC_match,1800
126,Intermediate,C24_match,450
126,Intermediate,C24_ceiling,1800
126,Rapid,AUC_match,1800
126,Rapid,C24_match,850
126,Rapid,C24_ceiling,1800
127,Slow,AUC_match,600
127,Slow,C24_match,200
127,Slow,C24_ceiling,300
127,Intermediate,AUC_match,1250
127,Intermediate,C24_match,1200
127,Intermediate,C24_ceiling,1800
127,Rapid,AUC_match,1400
127,Rapid,C24_match,1700
127,Rapid,C24_ceiling,1800
128,Slow,AUC_match,650
128,Slow,C24_match,200
128,Slow,C24_ceiling,400
128,Intermediate,AUC_match,1150
128,Intermediate,C24_match,750
128,Intermediate,C24_ceiling,1800
128,Rapid,AUC_match,1400
128,Rapid,C24_match,1200
128,Rapid,C24_ceiling,1800
129,Slow,AUC_match,600
129,Slow,C24_match,200
129,Slow,C24_ceiling,250
129,Intermediate,AUC_match,1250
129,Intermediate,C24_match,800
129,Intermediate,C24_ceiling,1800
129,Rapid,AUC_match,1800
129,Rapid,C24_match,1800
129,Rapid,C24_ceiling,1800
130,Slow,AUC_match,600
130,Slow,C24_match,200
130,Slow,C24_ceiling,350
130,Intermediate,AUC_match,1150
130,Intermediate,C24_match,1800
130,Intermediate,C24_ceiling,1800
130,Rapid,AUC_match,1700
130,Rapid,C24_match,1800
130,Rapid,C24_ceiling,1800
131,Slow,AUC_match,600
131,Slow,C24_match,200
131,Slow,C24_ceiling,300
131,Intermediate,AUC_match,1200
131,Intermediate,C24_match,800
131,Intermediate,C24_ceiling,1800
131,Rapid,AUC_match,1350
131,Rapid,C24_match,1100
131,Rapid,C24_ceiling,1800
132,Slow,AUC_match,750
132,Slow,C24_match,200
132,Slow,C24_ceiling,550
132,Intermediate,AUC_match,1150
132,Intermediate,C24_match,650
132,Intermediate,C24_ceiling,1800
132,Rapid,AUC_match,1200
132,Rapid,C24_match,600
132,Rapid,C24_ceiling,1800
133,Slow,AUC_match,550
133,Slow,C24_match,200
133,Slow,C24_ceiling,250
133,Intermediate,AUC_match,1100
133,Intermediate,C24_match,550
133,Intermediate,C24_ceiling,1800
133,Rapid,AUC_match,1750
133,Rapid,C24_match,1800
133,Rapid,C24_ceiling,1800
134,Slow,AUC_match,600
134,Slow,C24_match,200
134,Slow,C24_ceiling,300
134,Intermediate,AUC_match,1100
134,Intermediate,C24_match,1800
134,Intermediate,C24_ceiling,1800
134,Rapid,AUC_match,1600
134,Rapid,C24_match,1800
134,Rapid,C24_ceiling,1800
135,Slow,AUC_match,700
135,Slow,C24_match,200
135,Slow,C24_ceiling,450
135,Intermediate,AUC_match,1200
135,Intermediate,C24_match,700
135,Intermediate,C24_ceiling,1800
135,Rapid,AUC_match,1100
135,Rapid,C24_match,500
135,Rapid,C24_ceiling,1800
136,Slow,AUC_match,800
136,Slow,C24_match,200
136,Slow,C24_ceiling,800
136,Intermediate,AUC_match,1350
136,Intermediate,C24_match,1700
136,Intermediate,C24_ceiling,1800
136,Rapid,AUC_match,1500
136,Rapid,C24_match,1800
136,Rapid,C24_ceiling,1800
137,Slow,AUC_match,800
137,Slow,C24_match,200
137,Slow,C24_ceiling,600
137,Intermediate,AUC_match,1350
137,Intermediate,C24_match,900
137,Intermediate,C24_ceiling,1800
137,Rapid,AUC_match,1350
137,Rapid,C24_match,900
137,Rapid,C24_ceiling,1800
138,Slow,AUC_match,650
138,Slow,C24_match,200
138,Slow,C24_ceiling,550
138,Intermediate,AUC_match,1100
138,Intermediate,C24_match,1800
138,Intermediate,C24_ceiling,1800
138,Rapid,AUC_match,1800
138,Rapid,C24_match,1800
138,Rapid,C24_ceiling,1800
139,Slow,AUC_match,700
139,Slow,C24_match,200
139,Slow,C24_ceiling,600
139,Intermediate,AUC_match,1250
139,Intermediate,C24_match,1700
139,Intermediate,C24_ceiling,1800
139,Rapid,AUC_match,1350
139,Rapid,C24_match,1800
139,Rapid,C24_ceiling,1800
140,Slow,AUC_match,600
140,Slow,C24_match,200
140,Slow,C24_ceiling,350
140,Intermediate,AUC_match,1200
140,Intermediate,C24_match,1800
140,Intermediate,C24_ceiling,1800
140,Rapid,AUC_match,1800
140,Rapid,C24_match,1800
140,Rapid,C24_ceiling,1800
141,Slow,AUC_match,650
141,Slow,C24_match,200
141,Slow,C24_ceiling,300
141,Intermediate,AUC_match,1200
141,Intermediate,C24_match,600
141,Intermediate,C24_ceiling,1800
141,Rapid,AUC_match,900
141,Rapid,C24_match,200
141,Rapid,C24_ceiling,850
142,Slow,AUC_match,600
142,Slow,C24_match,200
142,Slow,C24_ceiling,200
142,Intermediate,AUC_match,1150
142,Intermediate,C24_match,700
142,Intermediate,C24_ceiling,1800
142,Rapid,AUC_match,950
142,Rapid,C24_match,300
142,Rapid,C24_ceiling,1150
143,Slow,AUC_match,700
143,Slow,C24_match,200
143,Slow,C24_ceiling,600
143,Intermediate,AUC_match,1150
143,Intermediate,C24_match,1800
143,Intermediate,C24_ceiling,1800
143,Rapid,AUC_match,1200
143,Rapid,C24_match,1800
143,Rapid,C24_ceiling,1800
144,Slow,AUC_match,550
144,Slow,C24_match,200
144,Slow,C24_ceiling,200
144,Intermediate,AUC_match,1150
144,Intermediate,C24_match,500
144,Intermediate,C24_ceiling,1800
144,Rapid,AUC_match,1550
144,Rapid,C24_match,1100
144,Rapid,C24_ceiling,1800
145,Slow,AUC_match,550
145,Slow,C24_match,200
145,Slow,C24_ceiling,200
145,Intermediate,AUC_match,1150
145,Intermediate,C24_match,750
145,Intermediate,C24_ceiling,1800
145,Rapid,AUC_match,1800
145,Rapid,C24_match,1800
145,Rapid,C24_ceiling,1800
146,Slow,AUC_match,800
146,Slow,C24_match,200
146,Slow,C24_ceiling,850
146,Intermediate,AUC_match,1250
146,Intermediate,C24_match,1100
146,Intermediate,C24_ceiling,1800
146,Rapid,AUC_match,1200
146,Rapid,C24_match,950
146,Rapid,C24_ceiling,1800
147,Slow,AUC_match,700
147,Slow,C24_match,200
147,Slow,C24_ceiling,500
147,Intermediate,AUC_match,1300
147,Intermediate,C24_match,1100
147,Intermediate,C24_ceiling,1800
147,Rapid,AUC_match,1650
147,Rapid,C24_match,1800
147,Rapid,C24_ceiling,1800
148,Slow,AUC_match,600
148,Slow,C24_match,200
148,Slow,C24_ceiling,300
148,Intermediate,AUC_match,1250
148,Intermediate,C24_match,800
148,Intermediate,C24_ceiling,1800
148,Rapid,AUC_match,1250
148,Rapid,C24_match,750
148,Rapid,C24_ceiling,1800
149,Slow,AUC_match,600
149,Slow,C24_match,200
149,Slow,C24_ceiling,300
149,Intermediate,AUC_match,1100
149,Intermediate,C24_match,1800
149,Intermediate,C24_ceiling,1800
149,Rapid,AUC_match,1150
149,Rapid,C24_match,1800
149,Rapid,C24_ceiling,1800
150,Slow,AUC_match,600
150,Slow,C24_match,200
150,Slow,C24_ceiling,200
150,Intermediate,AUC_match,1300
150,Intermediate,C24_match,200
150,Intermediate,C24_ceiling,800
150,Rapid,AUC_match,1250
150,Rapid,C24_match,200
150,Rapid,C24_ceiling,700
151,Slow,AUC_match,550
151,Slow,C24_match,200
151,Slow,C24_ceiling,200
151,Intermediate,AUC_match,1200
151,Intermediate,C24_match,600
151,Intermediate,C24_ceiling,1800
151,Rapid,AUC_match,1500
151,Rapid,C24_match,1100
151,Rapid,C24_ceiling,1800
152,Slow,AUC_match,700
152,Slow,C24_match,200
152,Slow,C24_ceiling,650
152,Intermediate,AUC_match,1250
152,Intermediate,C24_match,1800
152,Intermediate,C24_ceiling,1800
152,Rapid,AUC_match,1300
152,Rapid,C24_match,1800
152,Rapid,C24_ceiling,1800
153,Slow,AUC_match,750
153,Slow,C24_match,200
153,Slow,C24_ceiling,600
153,Intermediate,AUC_match,1350
153,Intermediate,C24_match,1800
153,Intermediate,C24_ceiling,1800
153,Rapid,AUC_match,1800
153,Rapid,C24_match,1800
153,Rapid,C24_ceiling,1800
154,Slow,AUC_match,600
154,Slow,C24_match,200
154,Slow,C24_ceiling,300
154,Intermediate,AUC_match,1100
154,Intermediate,C24_match,800
154,Intermediate,C24_ceiling,1800
154,Rapid,AUC_match,850
154,Rapid,C24_match,250
154,Rapid,C24_ceiling,950
155,Slow,AUC_match,750
155,Slow,C24_match,200
155,Slow,C24_ceiling,550
155,Intermediate,AUC_match,1300
155,Intermediate,C24_match,900
155,Intermediate,C24_ceiling,1800
155,Rapid,AUC_match,1800
155,Rapid,C24_match,1800
155,Rapid,C24_ceiling,1800
156,Slow,AUC_match,650
156,Slow,C24_match,200
156,Slow,C24_ceiling,350
156,Intermediate,AUC_match,1200
156,Intermediate,C24_match,1200
156,Intermediate,C24_ceiling,1800
156,Rapid,AUC_match,1300
156,Rapid,C24_match,1550
156,Rapid,C24_ceiling,1800
157,Slow,AUC_match,700
157,Slow,C24_match,200
157,Slow,C24_ceiling,450
157,Intermediate,AUC_match,1350
157,Intermediate,C24_match,1450
157,Intermediate,C24_ceiling,1800
157,Rapid,AUC_match,1800
157,Rapid,C24_match,1800
157,Rapid,C24_ceiling,1800
158,Slow,AUC_match,600
158,Slow,C24_match,200
158,Slow,C24_ceiling,300
158,Intermediate,AUC_match,1250
158,Intermediate,C24_match,1800
158,Intermediate,C24_ceiling,1800
158,Rapid,AUC_match,1650
158,Rapid,C24_match,1800
158,Rapid,C24_ceiling,1800
159,Slow,AUC_match,600
159,Slow,C24_match,200
159,Slow,C24_ceiling,200
159,Intermediate,AUC_match,1200
159,Intermediate,C24_match,650
159,Intermediate,C24_ceiling,1800
159,Rapid,AUC_match,1250
159,Rapid,C24_match,600
159,Rapid,C24_ceiling,1800
160,Slow,AUC_match,750
160,Slow,C24_match,200
160,Slow,C24_ceiling,600
160,Intermediate,AUC_match,1250
160,Intermediate,C24_match,900
160,Intermediate,C24_ceiling,1800
160,Rapid,AUC_match,1550
160,Rapid,C24_match,1550
160,Rapid,C24_ceiling,1800
161,Slow,AUC_match,500
161,Slow,C24_match,200
161,Slow,C24_ceiling,200
161,Intermediate,AUC_match,1250
161,Intermediate,C24_match,1800
161,Intermediate,C24_ceiling,1800
161,Rapid,AUC_match,1800
161,Rapid,C24_match,1800
161,Rapid,C24_ceiling,1800
162,Slow,AUC_match,650
162,Slow,C24_match,200
162,Slow,C24_ceiling,550
162,Intermediate,AUC_match,1250
162,Intermediate,C24_match,1800
162,Intermediate,C24_ceiling,1800
162,Rapid,AUC_match,850
162,Rapid,C24_match,550
162,Rapid,C24_ceiling,1550
163,Slow,AUC_match,700
163,Slow,C24_match,200
163,Slow,C24_ceiling,400
163,Intermediate,AUC_match,1350
163,Intermediate,C24_match,1550
163,Intermediate,C24_ceiling,1800
163,Rapid,AUC_match,1800
163,Rapid,C24_match,1800
163,Rapid,C24_ceiling,1800
164,Slow,AUC_match,550
164,Slow,C24_match,200
164,Slow,C24_ceiling,200
164,Intermediate,AUC_match,1200
164,Intermediate,C24_match,1800
164,Intermediate,C24_ceiling,1800
164,Rapid,AUC_match,1800
164,Rapid,C24_match,1800
164,Rapid,C24_ceiling,1800
165,Slow,AUC_match,600
165,Slow,C24_match,200
165,Slow,C24_ceiling,250
165,Intermediate,AUC_match,1150
165,Intermediate,C24_match,850
165,Intermediate,C24_ceiling,1800
165,Rapid,AUC_match,1150
165,Rapid,C24_match,750
165,Rapid,C24_ceiling,1800
166,Slow,AUC_match,800
166,Slow,C24_match,200
166,Slow,C24_ceiling,850
166,Intermediate,AUC_match,1300
166,Intermediate,C24_match,1150
166,Intermediate,C24_ceiling,1800
166,Rapid,AUC_match,1750
166,Rapid,C24_match,1800
166,Rapid,C24_ceiling,1800
167,Slow,AUC_match,650
167,Slow,C24_match,200
167,Slow,C24_ceiling,350
167,Intermediate,AUC_match,1250
167,Intermediate,C24_match,850
167,Intermediate,C24_ceiling,1800
167,Rapid,AUC_match,1500
167,Rapid,C24_match,1500
167,Rapid,C24_ceiling,1800
168,Slow,AUC_match,700
168,Slow,C24_match,200
168,Slow,C24_ceiling,500
168,Intermediate,AUC_match,1100
168,Intermediate,C24_match,800
168,Intermediate,C24_ceiling,1800
168,Rapid,AUC_match,1750
168,Rapid,C24_match,1800
168,Rapid,C24_ceiling,1800
169,Slow,AUC_match,800
169,Slow,C24_match,200
169,Slow,C24_ceiling,700
169,Intermediate,AUC_match,1250
169,Intermediate,C24_match,1050
169,Intermediate,C24_ceiling,1800
169,Rapid,AUC_match,1450
169,Rapid,C24_match,1650
169,Rapid,C24_ceiling,1800
170,Slow,AUC_match,700
170,Slow,C24_match,200
170,Slow,C24_ceiling,450
170,Intermediate,AUC_match,1300
170,Intermediate,C24_match,750
170,Intermediate,C24_ceiling,1800
170,Rapid,AUC_match,1550
170,Rapid,C24_match,1200
170,Rapid,C24_ceiling,1800
171,Slow,AUC_match,950
171,Slow,C24_match,550
171,Slow,C24_ceiling,1800
171,Intermediate,AUC_match,1350
171,Intermediate,C24_match,1600
171,Intermediate,C24_ceiling,1800
171,Rapid,AUC_match,1800
171,Rapid,C24_match,1800
171,Rapid,C24_ceiling,1800
172,Slow,AUC_match,700
172,Slow,C24_match,200
172,Slow,C24_ceiling,550
172,Intermediate,AUC_match,1300
172,Intermediate,C24_match,1150
172,Intermediate,C24_ceiling,1800
172,Rapid,AUC_match,1250
172,Rapid,C24_match,1050
172,Rapid,C24_ceiling,1800
173,Slow,AUC_match,550
173,Slow,C24_match,200
173,Slow,C24_ceiling,200
173,Intermediate,AUC_match,1100
173,Intermediate,C24_match,750
173,Intermediate,C24_ceiling,1800
173,Rapid,AUC_match,1800
173,Rapid,C24_match,1800
173,Rapid,C24_ceiling,1800
174,Slow,AUC_match,600
174,Slow,C24_match,200
174,Slow,C24_ceiling,200
174,Intermediate,AUC_match,1200
174,Intermediate,C24_match,750
174,Intermediate,C24_ceiling,1800
174,Rapid,AUC_match,1700
174,Rapid,C24_match,1800
174,Rapid,C24_ceiling,1800
175,Slow,AUC_match,600
175,Slow,C24_match,200
175,Slow,C24_ceiling,350
175,Intermediate,AUC_match,1250
175,Intermediate,C24_match,1250
175,Intermediate,C24_ceiling,1800
175,Rapid,AUC_match,1400
175,Rapid,C24_match,1650
175,Rapid,C24_ceiling,1800
176,Slow,AUC_match,650
176,Slow,C24_match,200
176,Slow,C24_ceiling,350
176,Intermediate,AUC_match,1250
176,Intermediate,C24_match,1100
176,Intermediate,C24_ceiling,1800
176,Rapid,AUC_match,1600
176,Rapid,C24_match,1800
176,Rapid,C24_ceiling,1800
177,Slow,AUC_match,1000
177,Slow,C24_match,200
177,Slow,C24_ceiling,200
177,Intermediate,AUC_match,1750
177,Intermediate,C24_match,200
177,Intermediate,C24_ceiling,200
177,Rapid,AUC_match,1800
177,Rapid,C24_match,200
177,Rapid,C24_ceiling,350
178,Slow,AUC_match,650
178,Slow,C24_match,200
178,Slow,C24_ceiling,300
178,Intermediate,AUC_match,1200
178,Intermediate,C24_match,1650
178,Intermediate,C24_ceiling,1800
178,Rapid,AUC_match,1800
178,Rapid,C24_match,1800
178,Rapid,C24_ceiling,1800
179,Slow,AUC_match,550
179,Slow,C24_match,200
179,Slow,C24_ceiling,200
179,Intermediate,AUC_match,1150
179,Intermediate,C24_match,550
179,Intermediate,C24_ceiling,1800
179,Rapid,AUC_match,1200
179,Rapid,C24_match,600
179,Rapid,C24_ceiling,1800
180,Slow,AUC_match,800
180,Slow,C24_match,200
180,Slow,C24_ceiling,700
180,Intermediate,AUC_match,1350
180,Intermediate,C24_match,1050
180,Intermediate,C24_ceiling,1800
180,Rapid,AUC_match,1400
180,Rapid,C24_match,1100
180,Rapid,C24_ceiling,1800
181,Slow,AUC_match,700
181,Slow,C24_match,200
181,Slow,C24_ceiling,400
181,Intermediate,AUC_match,1300
181,Intermediate,C24_match,1600
181,Intermediate,C24_ceiling,1800
181,Rapid,AUC_match,1350
181,Rapid,C24_match,1750
181,Rapid,C24_ceiling,1800
182,Slow,AUC_match,600
182,Slow,C24_match,200
182,Slow,C24_ceiling,200
182,Intermediate,AUC_match,1250
182,Intermediate,C24_match,700
182,Intermediate,C24_ceiling,1800
182,Rapid,AUC_match,1800
182,Rapid,C24_match,1800
182,Rapid,C24_ceiling,1800
183,Slow,AUC_match,500
183,Slow,C24_match,200
183,Slow,C24_ceiling,200
183,Intermediate,AUC_match,1150
183,Intermediate,C24_match,600
183,Intermediate,C24_ceiling,1800
183,Rapid,AUC_match,1200
183,Rapid,C24_match,700
183,Rapid,C24_ceiling,1800
184,Slow,AUC_match,700
184,Slow,C24_match,200
184,Slow,C24_ceiling,500
184,Intermediate,AUC_match,1200
184,Intermediate,C24_match,1800
184,Intermediate,C24_ceiling,1800
184,Rapid,AUC_match,950
184,Rapid,C24_match,800
184,Rapid,C24_ceiling,1800
185,Slow,AUC_match,600
185,Slow,C24_match,200
185,Slow,C24_ceiling,300
185,Intermediate,AUC_match,1300
185,Intermediate,C24_match,1000
185,Intermediate,C24_ceiling,1800
185,Rapid,AUC_match,1200
185,Rapid,C24_match,750
185,Rapid,C24_ceiling,1800
186,Slow,AUC_match,950
186,Slow,C24_match,400
186,Slow,C24_ceiling,1650
186,Intermediate,AUC_match,1250
186,Intermediate,C24_match,1000
186,Intermediate,C24_ceiling,1800
186,Rapid,AUC_match,1650
186,Rapid,C24_match,1800
186,Rapid,C24_ceiling,1800
187,Slow,AUC_match,700
187,Slow,C24_match,200
187,Slow,C24_ceiling,550
187,Intermediate,AUC_match,1250
187,Intermediate,C24_match,1800
187,Intermediate,C24_ceiling,1800
187,Rapid,AUC_match,1100
187,Rapid,C24_match,1000
187,Rapid,C24_ceiling,1800
188,Slow,AUC_match,650
188,Slow,C24_match,200
188,Slow,C24_ceiling,300
188,Intermediate,AUC_match,1200
188,Intermediate,C24_match,600
188,Intermediate,C24_ceiling,1800
188,Rapid,AUC_match,1250
188,Rapid,C24_match,700
188,Rapid,C24_ceiling,1800
189,Slow,AUC_match,600
189,Slow,C24_match,200
189,Slow,C24_ceiling,250
189,Intermediate,AUC_match,1150
189,Intermediate,C24_match,1800
189,Intermediate,C24_ceiling,1800
189,Rapid,AUC_match,800
189,Rapid,C24_match,200
189,Rapid,C24_ceiling,650
190,Slow,AUC_match,700
190,Slow,C24_match,200
190,Slow,C24_ceiling,450
190,Intermediate,AUC_match,1200
190,Intermediate,C24_match,750
190,Intermediate,C24_ceiling,1800
190,Rapid,AUC_match,1800
190,Rapid,C24_match,1800
190,Rapid,C24_ceiling,1800
191,Slow,AUC_match,650
191,Slow,C24_match,200
191,Slow,C24_ceiling,400
191,Intermediate,AUC_match,1200
191,Intermediate,C24_match,1800
191,Intermediate,C24_ceiling,1800
191,Rapid,AUC_match,1250
191,Rapid,C24_match,1800
191,Rapid,C24_ceiling,1800
192,Slow,AUC_match,750
192,Slow,C24_match,200
192,Slow,C24_ceiling,400
192,Intermediate,AUC_match,1250
192,Intermediate,C24_match,550
192,Intermediate,C24_ceiling,1800
192,Rapid,AUC_match,1500
192,Rapid,C24_match,1000
192,Rapid,C24_ceiling,1800
193,Slow,AUC_match,550
193,Slow,C24_match,200
193,Slow,C24_ceiling,200
193,Intermediate,AUC_match,1200
193,Intermediate,C24_match,900
193,Intermediate,C24_ceiling,1800
193,Rapid,AUC_match,1500
193,Rapid,C24_match,1800
193,Rapid,C24_ceiling,1800
194,Slow,AUC_match,800
194,Slow,C24_match,400
194,Slow,C24_ceiling,1200
194,Intermediate,AUC_match,1300
194,Intermediate,C24_match,1800
194,Intermediate,C24_ceiling,1800
194,Rapid,AUC_match,950
194,Rapid,C24_match,750
194,Rapid,C24_ceiling,1800
195,Slow,AUC_match,650
195,Slow,C24_match,200
195,Slow,C24_ceiling,300
195,Intermediate,AUC_match,1250
195,Intermediate,C24_match,700
195,Intermediate,C24_ceiling,1800
195,Rapid,AUC_match,1700
195,Rapid,C24_match,1600
195,Rapid,C24_ceiling,1800
196,Slow,AUC_match,600
196,Slow,C24_match,200
196,Slow,C24_ceiling,250
196,Intermediate,AUC_match,1150
196,Intermediate,C24_match,650
196,Intermediate,C24_ceiling,1800
196,Rapid,AUC_match,1600
196,Rapid,C24_match,1600
196,Rapid,C24_ceiling,1800
197,Slow,AUC_match,1800
197,Slow,C24_match,200
197,Slow,C24_ceiling,1600
197,Intermediate,AUC_match,1800
197,Intermediate,C24_match,450
197,Intermediate,C24_ceiling,1800
197,Rapid,AUC_match,1800
197,Rapid,C24_match,650
197,Rapid,C24_ceiling,1800
198,Slow,AUC_match,700
198,Slow,C24_match,200
198,Slow,C24_ceiling,500
198,Intermediate,AUC_match,1200
198,Intermediate,C24_match,1050
198,Intermediate,C24_ceiling,1800
198,Rapid,AUC_match,950
198,Rapid,C24_match,350
198,Rapid,C24_ceiling,1350
199,Slow,AUC_match,850
199,Slow,C24_match,650
199,Slow,C24_ceiling,1650
199,Intermediate,AUC_match,1400
199,Intermediate,C24_match,1800
199,Intermediate,C24_ceiling,1800
199,Rapid,AUC_match,1800
199,Rapid,C24_match,1800
199,Rapid,C24_ceiling,1800
200,Slow,AUC_match,600
200,Slow,C24_match,200
200,Slow,C24_ceiling,300
200,Intermediate,AUC_match,1150
200,Intermediate,C24_match,900
200,Intermediate,C24_ceiling,1800
200,Rapid,AUC_match,1150
200,Rapid,C24_match,850
200,Rapid,C24_ceiling,1800
201,Slow,AUC_match,750
201,Slow,C24_match,200
201,Slow,C24_ceiling,600
201,Intermediate,AUC_match,1250
201,Intermediate,C24_match,1000
201,Intermediate,C24_ceiling,1800
201,Rapid,AUC_match,1800
201,Rapid,C24_match,1800
201,Rapid,C24_ceiling,1800
202,Slow,AUC_match,650
202,Slow,C24_match,200
202,Slow,C24_ceiling,350
202,Intermediate,AUC_match,1250
202,Intermediate,C24_match,750
202,Intermediate,C24_ceiling,1800
202,Rapid,AUC_match,1800
202,Rapid,C24_match,1800
202,Rapid,C24_ceiling,1800
203,Slow,AUC_match,700
203,Slow,C24_match,200
203,Slow,C24_ceiling,400
203,Intermediate,AUC_match,1250
203,Intermediate,C24_match,950
203,Intermediate,C24_ceiling,1800
203,Rapid,AUC_match,1800
203,Rapid,C24_match,1800
203,Rapid,C24_ceiling,1800
204,Slow,AUC_match,700
204,Slow,C24_match,200
204,Slow,C24_ceiling,450
204,Intermediate,AUC_match,1200
204,Intermediate,C24_match,900
204,Intermediate,C24_ceiling,1800
204,Rapid,AUC_match,1250
204,Rapid,C24_match,950
204,Rapid,C24_ceiling,1800
205,Slow,AUC_match,750
205,Slow,C24_match,200
205,Slow,C24_ceiling,650
205,Intermediate,AUC_match,1250
205,Intermediate,C24_match,1050
205,Intermediate,C24_ceiling,1800
205,Rapid,AUC_match,1200
205,Rapid,C24_match,850
205,Rapid,C24_ceiling,1800
206,Slow,AUC_match,600
206,Slow,C24_match,200
206,Slow,C24_ceiling,350
206,Intermediate,AUC_match,1050
206,Intermediate,C24_match,1800
206,Intermediate,C24_ceiling,1800
206,Rapid,AUC_match,1650
206,Rapid,C24_match,1800
206,Rapid,C24_ceiling,1800
207,Slow,AUC_match,550
207,Slow,C24_match,200
207,Slow,C24_ceiling,200
207,Intermediate,AUC_match,1150
207,Intermediate,C24_match,700
207,Intermediate,C24_ceiling,1800
207,Rapid,AUC_match,1800
207,Rapid,C24_match,1800
207,Rapid,C24_ceiling,1800
208,Slow,AUC_match,800
208,Slow,C24_match,200
208,Slow,C24_ceiling,750
208,Intermediate,AUC_match,1350
208,Intermediate,C24_match,900
208,Intermediate,C24_ceiling,1800
208,Rapid,AUC_match,1400
208,Rapid,C24_match,950
208,Rapid,C24_ceiling,1800
209,Slow,AUC_match,650
209,Slow,C24_match,200
209,Slow,C24_ceiling,350
209,Intermediate,AUC_match,1300
209,Intermediate,C24_match,800
209,Intermediate,C24_ceiling,1800
209,Rapid,AUC_match,1450
209,Rapid,C24_match,1050
209,Rapid,C24_ceiling,1800
210,Slow,AUC_match,700
210,Slow,C24_match,200
210,Slow,C24_ceiling,500
210,Intermediate,AUC_match,1300
210,Intermediate,C24_match,1050
210,Intermediate,C24_ceiling,1800
210,Rapid,AUC_match,1300
210,Rapid,C24_match,1150
210,Rapid,C24_ceiling,1800
211,Slow,AUC_match,700
211,Slow,C24_match,200
211,Slow,C24_ceiling,500
211,Intermediate,AUC_match,1250
211,Intermediate,C24_match,950
211,Intermediate,C24_ceiling,1800
211,Rapid,AUC_match,1700
211,Rapid,C24_match,1800
211,Rapid,C24_ceiling,1800
212,Slow,AUC_match,650
212,Slow,C24_match,200
212,Slow,C24_ceiling,350
212,Intermediate,AUC_match,1100
212,Intermediate,C24_match,900
212,Intermediate,C24_ceiling,1800
212,Rapid,AUC_match,1600
212,Rapid,C24_match,1800
212,Rapid,C24_ceiling,1800
213,Slow,AUC_match,850
213,Slow,C24_match,200
213,Slow,C24_ceiling,900
213,Intermediate,AUC_match,1350
213,Intermediate,C24_match,950
213,Intermediate,C24_ceiling,1800
213,Rapid,AUC_match,1800
213,Rapid,C24_match,1800
213,Rapid,C24_ceiling,1800
214,Slow,AUC_match,600
214,Slow,C24_match,200
214,Slow,C24_ceiling,250
214,Intermediate,AUC_match,1100
214,Intermediate,C24_match,550
214,Intermediate,C24_ceiling,1800
214,Rapid,AUC_match,1000
214,Rapid,C24_match,400
214,Rapid,C24_ceiling,1700
215,Slow,AUC_match,600
215,Slow,C24_match,200
215,Slow,C24_ceiling,300
215,Intermediate,AUC_match,1200
215,Intermediate,C24_match,1800
215,Intermediate,C24_ceiling,1800
215,Rapid,AUC_match,1800
215,Rapid,C24_match,1800
215,Rapid,C24_ceiling,1800
216,Slow,AUC_match,550
216,Slow,C24_match,200
216,Slow,C24_ceiling,200
216,Intermediate,AUC_match,1150
216,Intermediate,C24_match,750
216,Intermediate,C24_ceiling,1800
216,Rapid,AUC_match,1450
216,Rapid,C24_match,1500
216,Rapid,C24_ceiling,1800
217,Slow,AUC_match,650
217,Slow,C24_match,200
217,Slow,C24_ceiling,350
217,Intermediate,AUC_match,1150
217,Intermediate,C24_match,1800
217,Intermediate,C24_ceiling,1800
217,Rapid,AUC_match,1800
217,Rapid,C24_match,1800
217,Rapid,C24_ceiling,1800
218,Slow,AUC_match,800
218,Slow,C24_match,200
218,Slow,C24_ceiling,800
218,Intermediate,AUC_match,1300
218,Intermediate,C24_match,900
218,Intermediate,C24_ceiling,1800
218,Rapid,AUC_match,1800
218,Rapid,C24_match,1800
218,Rapid,C24_ceiling,1800
219,Slow,AUC_match,750
219,Slow,C24_match,200
219,Slow,C24_ceiling,550
219,Intermediate,AUC_match,1250
219,Intermediate,C24_match,750
219,Intermediate,C24_ceiling,1800
219,Rapid,AUC_match,1100
219,Rapid,C24_match,450
219,Rapid,C24_ceiling,1800
220,Slow,AUC_match,650
220,Slow,C24_match,200
220,Slow,C24_ceiling,350
220,Intermediate,AUC_match,1200
220,Intermediate,C24_match,900
220,Intermediate,C24_ceiling,1800
220,Rapid,AUC_match,1000
220,Rapid,C24_match,400
220,Rapid,C24_ceiling,1550
221,Slow,AUC_match,650
221,Slow,C24_match,200
221,Slow,C24_ceiling,350
221,Intermediate,AUC_match,1200
221,Intermediate,C24_match,750
221,Intermediate,C24_ceiling,1800
221,Rapid,AUC_match,1600
221,Rapid,C24_match,1550
221,Rapid,C24_ceiling,1800
222,Slow,AUC_match,550
222,Slow,C24_match,200
222,Slow,C24_ceiling,300
222,Intermediate,AUC_match,1150
222,Intermediate,C24_match,1800
222,Intermediate,C24_ceiling,1800
222,Rapid,AUC_match,1550
222,Rapid,C24_match,1800
222,Rapid,C24_ceiling,1800
223,Slow,AUC_match,700
223,Slow,C24_match,200
223,Slow,C24_ceiling,600
223,Intermediate,AUC_match,1200
223,Intermediate,C24_match,1150
223,Intermediate,C24_ceiling,1800
223,Rapid,AUC_match,1600
223,Rapid,C24_match,1800
223,Rapid,C24_ceiling,1800
224,Slow,AUC_match,750
224,Slow,C24_match,200
224,Slow,C24_ceiling,550
224,Intermediate,AUC_match,1350
224,Intermediate,C24_match,900
224,Intermediate,C24_ceiling,1800
224,Rapid,AUC_match,1350
224,Rapid,C24_match,900
224,Rapid,C24_ceiling,1800
225,Slow,AUC_match,700
225,Slow,C24_match,200
225,Slow,C24_ceiling,400
225,Intermediate,AUC_match,1150
225,Intermediate,C24_match,500
225,Intermediate,C24_ceiling,1800
225,Rapid,AUC_match,1750
225,Rapid,C24_match,1400
225,Rapid,C24_ceiling,1800
226,Slow,AUC_match,600
226,Slow,C24_match,200
226,Slow,C24_ceiling,300
226,Intermediate,AUC_match,1200
226,Intermediate,C24_match,1800
226,Intermediate,C24_ceiling,1800
226,Rapid,AUC_match,1800
226,Rapid,C24_match,1800
226,Rapid,C24_ceiling,1800
227,Slow,AUC_match,650
227,Slow,C24_match,200
227,Slow,C24_ceiling,300
227,Intermediate,AUC_match,1200
227,Intermediate,C24_match,600
227,Intermediate,C24_ceiling,1800
227,Rapid,AUC_match,1800
227,Rapid,C24_match,1800
227,Rapid,C24_ceiling,1800
228,Slow,AUC_match,750
228,Slow,C24_match,300
228,Slow,C24_ceiling,950
228,Intermediate,AUC_match,1200
228,Intermediate,C24_match,1800
228,Intermediate,C24_ceiling,1800
228,Rapid,AUC_match,1800
228,Rapid,C24_match,1800
228,Rapid,C24_ceiling,1800
229,Slow,AUC_match,700
229,Slow,C24_match,200
229,Slow,C24_ceiling,500
229,Intermediate,AUC_match,1300
229,Intermediate,C24_match,1150
229,Intermediate,C24_ceiling,1800
229,Rapid,AUC_match,1400
229,Rapid,C24_match,1350
229,Rapid,C24_ceiling,1800
230,Slow,AUC_match,550
230,Slow,C24_match,200
230,Slow,C24_ceiling,200
230,Intermediate,AUC_match,1100
230,Intermediate,C24_match,700
230,Intermediate,C24_ceiling,1800
230,Rapid,AUC_match,1450
230,Rapid,C24_match,1450
230,Rapid,C24_ceiling,1800
231,Slow,AUC_match,750
231,Slow,C24_match,200
231,Slow,C24_ceiling,700
231,Intermediate,AUC_match,1150
231,Intermediate,C24_match,750
231,Intermediate,C24_ceiling,1800
231,Rapid,AUC_match,1200
231,Rapid,C24_match,800
231,Rapid,C24_ceiling,1800
232,Slow,AUC_match,1800
232,Slow,C24_match,200
232,Slow,C24_ceiling,1700
232,Intermediate,AUC_match,1800
232,Intermediate,C24_match,500
232,Intermediate,C24_ceiling,1800
232,Rapid,AUC_match,1800
232,Rapid,C24_match,700
232,Rapid,C24_ceiling,1800
233,Slow,AUC_match,700
233,Slow,C24_match,200
233,Slow,C24_ceiling,600
233,Intermediate,AUC_match,1200
233,Intermediate,C24_match,1800
233,Intermediate,C24_ceiling,1800
233,Rapid,AUC_match,1150
233,Rapid,C24_match,1800
233,Rapid,C24_ceiling,1800
234,Slow,AUC_match,600
234,Slow,C24_match,200
234,Slow,C24_ceiling,300
234,Intermediate,AUC_match,1200
234,Intermediate,C24_match,750
234,Intermediate,C24_ceiling,1800
234,Rapid,AUC_match,1500
234,Rapid,C24_match,1350
234,Rapid,C24_ceiling,1800
235,Slow,AUC_match,600
235,Slow,C24_match,200
235,Slow,C24_ceiling,300
235,Intermediate,AUC_match,1150
235,Intermediate,C24_match,1150
235,Intermediate,C24_ceiling,1800
235,Rapid,AUC_match,1550
235,Rapid,C24_match,1800
235,Rapid,C24_ceiling,1800
236,Slow,AUC_match,600
236,Slow,C24_match,200
236,Slow,C24_ceiling,350
236,Intermediate,AUC_match,1250
236,Intermediate,C24_match,1800
236,Intermediate,C24_ceiling,1800
236,Rapid,AUC_match,1350
236,Rapid,C24_match,1800
236,Rapid,C24_ceiling,1800
237,Slow,AUC_match,600
237,Slow,C24_match,200
237,Slow,C24_ceiling,300
237,Intermediate,AUC_match,1200
237,Intermediate,C24_match,600
237,Intermediate,C24_ceiling,1800
237,Rapid,AUC_match,1600
237,Rapid,C24_match,1350
237,Rapid,C24_ceiling,1800
238,Slow,AUC_match,600
238,Slow,C24_match,200
238,Slow,C24_ceiling,300
238,Intermediate,AUC_match,1250
238,Intermediate,C24_match,1800
238,Intermediate,C24_ceiling,1800
238,Rapid,AUC_match,1800
238,Rapid,C24_match,1800
238,Rapid,C24_ceiling,1800
239,Slow,AUC_match,650
239,Slow,C24_match,200
239,Slow,C24_ceiling,400
239,Intermediate,AUC_match,1200
239,Intermediate,C24_match,1800
239,Intermediate,C24_ceiling,1800
239,Rapid,AUC_match,1800
239,Rapid,C24_match,1800
239,Rapid,C24_ceiling,1800
240,Slow,AUC_match,700
240,Slow,C24_match,200
240,Slow,C24_ceiling,400
240,Intermediate,AUC_match,1300
240,Intermediate,C24_match,750
240,Intermediate,C24_ceiling,1800
240,Rapid,AUC_match,1800
240,Rapid,C24_match,1800
240,Rapid,C24_ceiling,1800
241,Slow,AUC_match,650
241,Slow,C24_match,200
241,Slow,C24_ceiling,350
241,Intermediate,AUC_match,1250
241,Intermediate,C24_match,1150
241,Intermediate,C24_ceiling,1800
241,Rapid,AUC_match,1800
241,Rapid,C24_match,1800
241,Rapid,C24_ceiling,1800
242,Slow,AUC_match,600
242,Slow,C24_match,200
242,Slow,C24_ceiling,200
242,Intermediate,AUC_match,1250
242,Intermediate,C24_match,700
242,Intermediate,C24_ceiling,1800
242,Rapid,AUC_match,1600
242,Rapid,C24_match,1300
242,Rapid,C24_ceiling,1800
243,Slow,AUC_match,700
243,Slow,C24_match,200
243,Slow,C24_ceiling,550
243,Intermediate,AUC_match,1300
243,Intermediate,C24_match,1800
243,Intermediate,C24_ceiling,1800
243,Rapid,AUC_match,950
243,Rapid,C24_match,800
243,Rapid,C24_ceiling,1800
244,Slow,AUC_match,650
244,Slow,C24_match,200
244,Slow,C24_ceiling,500
244,Intermediate,AUC_match,1350
244,Intermediate,C24_match,1800
244,Intermediate,C24_ceiling,1800
244,Rapid,AUC_match,1800
244,Rapid,C24_match,1800
244,Rapid,C24_ceiling,1800
245,Slow,AUC_match,650
245,Slow,C24_match,200
245,Slow,C24_ceiling,300
245,Intermediate,AUC_match,1250
245,Intermediate,C24_match,550
245,Intermediate,C24_ceiling,1800
245,Rapid,AUC_match,1800
245,Rapid,C24_match,1800
245,Rapid,C24_ceiling,1800
246,Slow,AUC_match,600
246,Slow,C24_match,200
246,Slow,C24_ceiling,250
246,Intermediate,AUC_match,1250
246,Intermediate,C24_match,1050
246,Intermediate,C24_ceiling,1800
246,Rapid,AUC_match,1800
246,Rapid,C24_match,1800
246,Rapid,C24_ceiling,1800
247,Slow,AUC_match,550
247,Slow,C24_match,200
247,Slow,C24_ceiling,200
247,Intermediate,AUC_match,1250
247,Intermediate,C24_match,700
247,Intermediate,C24_ceiling,1800
247,Rapid,AUC_match,1100
247,Rapid,C24_match,500
247,Rapid,C24_ceiling,1800
248,Slow,AUC_match,650
248,Slow,C24_match,200
248,Slow,C24_ceiling,400
248,Intermediate,AUC_match,1300
248,Intermediate,C24_match,900
248,Intermediate,C24_ceiling,1800
248,Rapid,AUC_match,1400
248,Rapid,C24_match,1100
248,Rapid,C24_ceiling,1800
249,Slow,AUC_match,750
249,Slow,C24_match,200
249,Slow,C24_ceiling,550
249,Intermediate,AUC_match,1200
249,Intermediate,C24_match,650
249,Intermediate,C24_ceiling,1800
249,Rapid,AUC_match,1800
249,Rapid,C24_match,1800
249,Rapid,C24_ceiling,1800
250,Slow,AUC_match,700
250,Slow,C24_match,200
250,Slow,C24_ceiling,450
250,Intermediate,AUC_match,1150
250,Intermediate,C24_match,1800
250,Intermediate,C24_ceiling,1800
250,Rapid,AUC_match,1400
250,Rapid,C24_match,1800
250,Rapid,C24_ceiling,1800
251,Slow,AUC_match,650
251,Slow,C24_match,200
251,Slow,C24_ceiling,350
251,Intermediate,AUC_match,1250
251,Intermediate,C24_match,1250
251,Intermediate,C24_ceiling,1800
251,Rapid,AUC_match,1450
251,Rapid,C24_match,1800
251,Rapid,C24_ceiling,1800
252,Slow,AUC_match,750
252,Slow,C24_match,200
252,Slow,C24_ceiling,650
252,Intermediate,AUC_match,1250
252,Intermediate,C24_match,900
252,Intermediate,C24_ceiling,1800
252,Rapid,AUC_match,1500
252,Rapid,C24_match,1550
252,Rapid,C24_ceiling,1800
253,Slow,AUC_match,850
253,Slow,C24_match,200
253,Slow,C24_ceiling,900
253,Intermediate,AUC_match,1350
253,Intermediate,C24_match,1000
253,Intermediate,C24_ceiling,1800
253,Rapid,AUC_match,1800
253,Rapid,C24_match,1800
253,Rapid,C24_ceiling,1800
254,Slow,AUC_match,700
254,Slow,C24_match,200
254,Slow,C24_ceiling,650
254,Intermediate,AUC_match,1250
254,Intermediate,C24_match,1800
254,Intermediate,C24_ceiling,1800
254,Rapid,AUC_match,1700
254,Rapid,C24_match,1800
254,Rapid,C24_ceiling,1800
255,Slow,AUC_match,600
255,Slow,C24_match,200
255,Slow,C24_ceiling,200
255,Intermediate,AUC_match,1150
255,Intermediate,C24_match,550
255,Intermediate,C24_ceiling,1800
255,Rapid,AUC_match,1550
255,Rapid,C24_match,1200
255,Rapid,C24_ceiling,1800
256,Slow,AUC_match,650
256,Slow,C24_match,200
256,Slow,C24_ceiling,350
256,Intermediate,AUC_match,1350
256,Intermediate,C24_match,1200
256,Intermediate,C24_ceiling,1800
256,Rapid,AUC_match,1600
256,Rapid,C24_match,1800
256,Rapid,C24_ceiling,1800
257,Slow,AUC_match,700
257,Slow,C24_match,200
257,Slow,C24_ceiling,400
257,Intermediate,AUC_match,1250
257,Intermediate,C24_match,900
257,Intermediate,C24_ceiling,1800
257,Rapid,AUC_match,1750
257,Rapid,C24_match,1800
257,Rapid,C24_ceiling,1800
258,Slow,AUC_match,700
258,Slow,C24_match,200
258,Slow,C24_ceiling,550
258,Intermediate,AUC_match,1200
258,Intermediate,C24_match,1000
258,Intermediate,C24_ceiling,1800
258,Rapid,AUC_match,1800
258,Rapid,C24_match,1800
258,Rapid,C24_ceiling,1800
259,Slow,AUC_match,650
259,Slow,C24_match,200
259,Slow,C24_ceiling,300
259,Intermediate,AUC_match,1350
259,Intermediate,C24_match,1800
259,Intermediate,C24_ceiling,1800
259,Rapid,AUC_match,1800
259,Rapid,C24_match,1800
259,Rapid,C24_ceiling,1800
260,Slow,AUC_match,800
260,Slow,C24_match,250
260,Slow,C24_ceiling,950
260,Intermediate,AUC_match,1200
260,Intermediate,C24_match,1000
260,Intermediate,C24_ceiling,1800
260,Rapid,AUC_match,1450
260,Rapid,C24_match,1750
260,Rapid,C24_ceiling,1800
261,Slow,AUC_match,750
261,Slow,C24_match,200
261,Slow,C24_ceiling,750
261,Intermediate,AUC_match,1350
261,Intermediate,C24_match,1050
261,Intermediate,C24_ceiling,1800
261,Rapid,AUC_match,1800
261,Rapid,C24_match,1800
261,Rapid,C24_ceiling,1800
262,Slow,AUC_match,650
262,Slow,C24_match,200
262,Slow,C24_ceiling,400
262,Intermediate,AUC_match,1150
262,Intermediate,C24_match,1100
262,Intermediate,C24_ceiling,1800
262,Rapid,AUC_match,900
262,Rapid,C24_match,300
262,Rapid,C24_ceiling,1150
263,Slow,AUC_match,1800
263,Slow,C24_match,250
263,Slow,C24_ceiling,1800
263,Intermediate,AUC_match,1800
263,Intermediate,C24_match,450
263,Intermediate,C24_ceiling,1800
263,Rapid,AUC_match,1800
263,Rapid,C24_match,800
263,Rapid,C24_ceiling,1800
264,Slow,AUC_match,700
264,Slow,C24_match,200
264,Slow,C24_ceiling,400
264,Intermediate,AUC_match,1350
264,Intermediate,C24_match,1150
264,Intermediate,C24_ceiling,1800
264,Rapid,AUC_match,1500
264,Rapid,C24_match,1400
264,Rapid,C24_ceiling,1800
265,Slow,AUC_match,600
265,Slow,C24_match,200
265,Slow,C24_ceiling,250
265,Intermediate,AUC_match,1050
265,Intermediate,C24_match,500
265,Intermediate,C24_ceiling,1800
265,Rapid,AUC_match,950
265,Rapid,C24_match,300
265,Rapid,C24_ceiling,1200
266,Slow,AUC_match,700
266,Slow,C24_match,200
266,Slow,C24_ceiling,450
266,Intermediate,AUC_match,1150
266,Intermediate,C24_match,1000
266,Intermediate,C24_ceiling,1800
266,Rapid,AUC_match,1550
266,Rapid,C24_match,1800
266,Rapid,C24_ceiling,1800
267,Slow,AUC_match,650
267,Slow,C24_match,200
267,Slow,C24_ceiling,400
267,Intermediate,AUC_match,1150
267,Intermediate,C24_match,1750
267,Intermediate,C24_ceiling,1800
267,Rapid,AUC_match,1800
267,Rapid,C24_match,1800
267,Rapid,C24_ceiling,1800
268,Slow,AUC_match,1800
268,Slow,C24_match,300
268,Slow,C24_ceiling,1800
268,Intermediate,AUC_match,1800
268,Intermediate,C24_match,500
268,Intermediate,C24_ceiling,1800
268,Rapid,AUC_match,1800
268,Rapid,C24_match,1350
268,Rapid,C24_ceiling,1800
269,Slow,AUC_match,650
269,Slow,C24_match,200
269,Slow,C24_ceiling,300
269,Intermediate,AUC_match,1300
269,Intermediate,C24_match,1250
269,Intermediate,C24_ceiling,1800
269,Rapid,AUC_match,1450
269,Rapid,C24_match,1550
269,Rapid,C24_ceiling,1800
270,Slow,AUC_match,750
270,Slow,C24_match,200
270,Slow,C24_ceiling,550
270,Intermediate,AUC_match,1250
270,Intermediate,C24_match,850
270,Intermediate,C24_ceiling,1800
270,Rapid,AUC_match,1300
270,Rapid,C24_match,950
270,Rapid,C24_ceiling,1800
271,Slow,AUC_match,600
271,Slow,C24_match,200
271,Slow,C24_ceiling,300
271,Intermediate,AUC_match,1200
271,Intermediate,C24_match,1350
271,Intermediate,C24_ceiling,1800
271,Rapid,AUC_match,1300
271,Rapid,C24_match,1800
271,Rapid,C24_ceiling,1800
272,Slow,AUC_match,650
272,Slow,C24_match,200
272,Slow,C24_ceiling,350
272,Intermediate,AUC_match,1200
272,Intermediate,C24_match,600
272,Intermediate,C24_ceiling,1800
272,Rapid,AUC_match,1650
272,Rapid,C24_match,1350
272,Rapid,C24_ceiling,1800
273,Slow,AUC_match,750
273,Slow,C24_match,200
273,Slow,C24_ceiling,600
273,Intermediate,AUC_match,1200
273,Intermediate,C24_match,750
273,Intermediate,C24_ceiling,1800
273,Rapid,AUC_match,1150
273,Rapid,C24_match,600
273,Rapid,C24_ceiling,1800
274,Slow,AUC_match,650
274,Slow,C24_match,200
274,Slow,C24_ceiling,350
274,Intermediate,AUC_match,1150
274,Intermediate,C24_match,800
274,Intermediate,C24_ceiling,1800
274,Rapid,AUC_match,1750
274,Rapid,C24_match,1800
274,Rapid,C24_ceiling,1800
275,Slow,AUC_match,650
275,Slow,C24_match,200
275,Slow,C24_ceiling,300
275,Intermediate,AUC_match,1200
275,Intermediate,C24_match,700
275,Intermediate,C24_ceiling,1800
275,Rapid,AUC_match,1750
275,Rapid,C24_match,1750
275,Rapid,C24_ceiling,1800
276,Slow,AUC_match,800
276,Slow,C24_match,250
276,Slow,C24_ceiling,950
276,Intermediate,AUC_match,1200
276,Intermediate,C24_match,1100
276,Intermediate,C24_ceiling,1800
276,Rapid,AUC_match,1800
276,Rapid,C24_match,1800
276,Rapid,C24_ceiling,1800
277,Slow,AUC_match,800
277,Slow,C24_match,200
277,Slow,C24_ceiling,700
277,Intermediate,AUC_match,1300
277,Intermediate,C24_match,1150
277,Intermediate,C24_ceiling,1800
277,Rapid,AUC_match,1350
277,Rapid,C24_match,1150
277,Rapid,C24_ceiling,1800
278,Slow,AUC_match,650
278,Slow,C24_match,200
278,Slow,C24_ceiling,300
278,Intermediate,AUC_match,1200
278,Intermediate,C24_match,700
278,Intermediate,C24_ceiling,1800
278,Rapid,AUC_match,1350
278,Rapid,C24_match,1000
278,Rapid,C24_ceiling,1800
279,Slow,AUC_match,750
279,Slow,C24_match,200
279,Slow,C24_ceiling,700
279,Intermediate,AUC_match,1200
279,Intermediate,C24_match,750
279,Intermediate,C24_ceiling,1800
279,Rapid,AUC_match,1800
279,Rapid,C24_match,1800
279,Rapid,C24_ceiling,1800
280,Slow,AUC_match,750
280,Slow,C24_match,200
280,Slow,C24_ceiling,700
280,Intermediate,AUC_match,1350
280,Intermediate,C24_match,1500
280,Intermediate,C24_ceiling,1800
280,Rapid,AUC_match,1800
280,Rapid,C24_match,1800
280,Rapid,C24_ceiling,1800
281,Slow,AUC_match,500
281,Slow,C24_match,200
281,Slow,C24_ceiling,200
281,Intermediate,AUC_match,1100
281,Intermediate,C24_match,1800
281,Intermediate,C24_ceiling,1800
281,Rapid,AUC_match,1250
281,Rapid,C24_match,1800
281,Rapid,C24_ceiling,1800
282,Slow,AUC_match,450
282,Slow,C24_match,200
282,Slow,C24_ceiling,200
282,Intermediate,AUC_match,1100
282,Intermediate,C24_match,1800
282,Intermediate,C24_ceiling,1800
282,Rapid,AUC_match,1750
282,Rapid,C24_match,1800
282,Rapid,C24_ceiling,1800
283,Slow,AUC_match,800
283,Slow,C24_match,300
283,Slow,C24_ceiling,1000
283,Intermediate,AUC_match,1300
283,Intermediate,C24_match,1800
283,Intermediate,C24_ceiling,1800
283,Rapid,AUC_match,1800
283,Rapid,C24_match,1800
283,Rapid,C24_ceiling,1800
284,Slow,AUC_match,650
284,Slow,C24_match,200
284,Slow,C24_ceiling,400
284,Intermediate,AUC_match,1300
284,Intermediate,C24_match,1800
284,Intermediate,C24_ceiling,1800
284,Rapid,AUC_match,1750
284,Rapid,C24_match,1800
284,Rapid,C24_ceiling,1800
285,Slow,AUC_match,650
285,Slow,C24_match,200
285,Slow,C24_ceiling,350
285,Intermediate,AUC_match,1300
285,Intermediate,C24_match,800
285,Intermediate,C24_ceiling,1800
285,Rapid,AUC_match,1150
285,Rapid,C24_match,550
285,Rapid,C24_ceiling,1800
286,Slow,AUC_match,650
286,Slow,C24_match,200
286,Slow,C24_ceiling,350
286,Intermediate,AUC_match,1250
286,Intermediate,C24_match,1100
286,Intermediate,C24_ceiling,1800
286,Rapid,AUC_match,1650
286,Rapid,C24_match,1800
286,Rapid,C24_ceiling,1800
287,Slow,AUC_match,650
287,Slow,C24_match,200
287,Slow,C24_ceiling,550
287,Intermediate,AUC_match,1150
287,Intermediate,C24_match,1800
287,Intermediate,C24_ceiling,1800
287,Rapid,AUC_match,1450
287,Rapid,C24_match,1800
287,Rapid,C24_ceiling,1800
288,Slow,AUC_match,700
288,Slow,C24_match,200
288,Slow,C24_ceiling,450
288,Intermediate,AUC_match,1250
288,Intermediate,C24_match,1000
288,Intermediate,C24_ceiling,1800
288,Rapid,AUC_match,1800
288,Rapid,C24_match,1800
288,Rapid,C24_ceiling,1800
289,Slow,AUC_match,800
289,Slow,C24_match,200
289,Slow,C24_ceiling,600
289,Intermediate,AUC_match,1300
289,Intermediate,C24_match,750
289,Intermediate,C24_ceiling,1800
289,Rapid,AUC_match,1200
289,Rapid,C24_match,600
289,Rapid,C24_ceiling,1800
290,Slow,AUC_match,650
290,Slow,C24_match,200
290,Slow,C24_ceiling,500
290,Intermediate,AUC_match,1200
290,Intermediate,C24_match,1800
290,Intermediate,C24_ceiling,1800
290,Rapid,AUC_match,1600
290,Rapid,C24_match,1800
290,Rapid,C24_ceiling,1800
291,Slow,AUC_match,800
291,Slow,C24_match,300
291,Slow,C24_ceiling,850
291,Intermediate,AUC_match,1250
291,Intermediate,C24_match,1800
291,Intermediate,C24_ceiling,1800
291,Rapid,AUC_match,1300
291,Rapid,C24_match,1800
291,Rapid,C24_ceiling,1800
292,Slow,AUC_match,550
292,Slow,C24_match,200
292,Slow,C24_ceiling,200
292,Intermediate,AUC_match,1050
292,Intermediate,C24_match,400
292,Intermediate,C24_ceiling,1800
292,Rapid,AUC_match,1250
292,Rapid,C24_match,650
292,Rapid,C24_ceiling,1800
293,Slow,AUC_match,700
293,Slow,C24_match,200
293,Slow,C24_ceiling,450
293,Intermediate,AUC_match,1250
293,Intermediate,C24_match,700
293,Intermediate,C24_ceiling,1800
293,Rapid,AUC_match,1150
293,Rapid,C24_match,500
293,Rapid,C24_ceiling,1800
294,Slow,AUC_match,750
294,Slow,C24_match,250
294,Slow,C24_ceiling,750
294,Intermediate,AUC_match,1250
294,Intermediate,C24_match,1800
294,Intermediate,C24_ceiling,1800
294,Rapid,AUC_match,1050
294,Rapid,C24_match,1750
294,Rapid,C24_ceiling,1800
295,Slow,AUC_match,650
295,Slow,C24_match,200
295,Slow,C24_ceiling,350
295,Intermediate,AUC_match,1300
295,Intermediate,C24_match,1250
295,Intermediate,C24_ceiling,1800
295,Rapid,AUC_match,1800
295,Rapid,C24_match,1800
295,Rapid,C24_ceiling,1800
296,Slow,AUC_match,650
296,Slow,C24_match,200
296,Slow,C24_ceiling,350
296,Intermediate,AUC_match,1200
296,Intermediate,C24_match,700
296,Intermediate,C24_ceiling,1800
296,Rapid,AUC_match,1200
296,Rapid,C24_match,700
296,Rapid,C24_ceiling,1800
297,Slow,AUC_match,600
297,Slow,C24_match,200
297,Slow,C24_ceiling,300
297,Intermediate,AUC_match,1200
297,Intermediate,C24_match,1800
297,Intermediate,C24_ceiling,1800
297,Rapid,AUC_match,1800
297,Rapid,C24_match,1800
297,Rapid,C24_ceiling,1800
298,Slow,AUC_match,700
298,Slow,C24_match,200
298,Slow,C24_ceiling,550
298,Intermediate,AUC_match,1250
298,Intermediate,C24_match,1800
298,Intermediate,C24_ceiling,1800
298,Rapid,AUC_match,1450
298,Rapid,C24_match,1800
298,Rapid,C24_ceiling,1800
299,Slow,AUC_match,700
299,Slow,C24_match,200
299,Slow,C24_ceiling,600
299,Intermediate,AUC_match,1200
299,Intermediate,C24_match,1100
299,Intermediate,C24_ceiling,1800
299,Rapid,AUC_match,1800
299,Rapid,C24_match,1800
299,Rapid,C24_ceiling,1800
300,Slow,AUC_match,700
300,Slow,C24_match,200
300,Slow,C24_ceiling,600
300,Intermediate,AUC_match,1250
300,Intermediate,C24_match,1000
300,Intermediate,C24_ceiling,1800
300,Rapid,AUC_match,1500
300,Rapid,C24_match,1700
300,Rapid,C24_ceiling,1800
301,Slow,AUC_match,650
301,Slow,C24_match,200
301,Slow,C24_ceiling,350
301,Intermediate,AUC_match,1300
301,Intermediate,C24_match,1000
301,Intermediate,C24_ceiling,1800
301,Rapid,AUC_match,1450
301,Rapid,C24_match,1200
301,Rapid,C24_ceiling,1800
302,Slow,AUC_match,700
302,Slow,C24_match,200
302,Slow,C24_ceiling,700
302,Intermediate,AUC_match,1150
302,Intermediate,C24_match,1800
302,Intermediate,C24_ceiling,1800
302,Rapid,AUC_match,1750
302,Rapid,C24_match,1800
302,Rapid,C24_ceiling,1800
303,Slow,AUC_match,600
303,Slow,C24_match,200
303,Slow,C24_ceiling,250
303,Intermediate,AUC_match,1150
303,Intermediate,C24_match,550
303,Intermediate,C24_ceiling,1800
303,Rapid,AUC_match,1300
303,Rapid,C24_match,750
303,Rapid,C24_ceiling,1800
304,Slow,AUC_match,750
304,Slow,C24_match,200
304,Slow,C24_ceiling,550
304,Intermediate,AUC_match,1350
304,Intermediate,C24_match,1000
304,Intermediate,C24_ceiling,1800
304,Rapid,AUC_match,1800
304,Rapid,C24_match,1800
304,Rapid,C24_ceiling,1800
305,Slow,AUC_match,650
305,Slow,C24_match,200
305,Slow,C24_ceiling,350
305,Intermediate,AUC_match,1250
305,Intermediate,C24_match,700
305,Intermediate,C24_ceiling,1800
305,Rapid,AUC_match,900
305,Rapid,C24_match,250
305,Rapid,C24_ceiling,1100
306,Slow,AUC_match,600
306,Slow,C24_match,200
306,Slow,C24_ceiling,300
306,Intermediate,AUC_match,1100
306,Intermediate,C24_match,750
306,Intermediate,C24_ceiling,1800
306,Rapid,AUC_match,1200
306,Rapid,C24_match,950
306,Rapid,C24_ceiling,1800
307,Slow,AUC_match,650
307,Slow,C24_match,200
307,Slow,C24_ceiling,400
307,Intermediate,AUC_match,1200
307,Intermediate,C24_match,750
307,Intermediate,C24_ceiling,1800
307,Rapid,AUC_match,1350
307,Rapid,C24_match,1050
307,Rapid,C24_ceiling,1800
308,Slow,AUC_match,500
308,Slow,C24_match,200
308,Slow,C24_ceiling,200
308,Intermediate,AUC_match,1150
308,Intermediate,C24_match,600
308,Intermediate,C24_ceiling,1800
308,Rapid,AUC_match,1400
308,Rapid,C24_match,1000
308,Rapid,C24_ceiling,1800
309,Slow,AUC_match,700
309,Slow,C24_match,200
309,Slow,C24_ceiling,450
309,Intermediate,AUC_match,1250
309,Intermediate,C24_match,1250
309,Intermediate,C24_ceiling,1800
309,Rapid,AUC_match,1800
309,Rapid,C24_match,1800
309,Rapid,C24_ceiling,1800
310,Slow,AUC_match,650
310,Slow,C24_match,200
310,Slow,C24_ceiling,400
310,Intermediate,AUC_match,1350
310,Intermediate,C24_match,1800
310,Intermediate,C24_ceiling,1800
310,Rapid,AUC_match,1800
310,Rapid,C24_match,1800
310,Rapid,C24_ceiling,1800
311,Slow,AUC_match,550
311,Slow,C24_match,200
311,Slow,C24_ceiling,200
311,Intermediate,AUC_match,1150
311,Intermediate,C24_match,450
311,Intermediate,C24_ceiling,1800
311,Rapid,AUC_match,1400
311,Rapid,C24_match,750
311,Rapid,C24_ceiling,1800
312,Slow,AUC_match,550
312,Slow,C24_match,200
312,Slow,C24_ceiling,200
312,Intermediate,AUC_match,1100
312,Intermediate,C24_match,600
312,Intermediate,C24_ceiling,1800
312,Rapid,AUC_match,1750
312,Rapid,C24_match,1800
312,Rapid,C24_ceiling,1800
313,Slow,AUC_match,550
313,Slow,C24_match,200
313,Slow,C24_ceiling,250
313,Intermediate,AUC_match,1200
313,Intermediate,C24_match,1650
313,Intermediate,C24_ceiling,1800
313,Rapid,AUC_match,1800
313,Rapid,C24_match,1800
313,Rapid,C24_ceiling,1800
314,Slow,AUC_match,600
314,Slow,C24_match,200
314,Slow,C24_ceiling,200
314,Intermediate,AUC_match,1100
314,Intermediate,C24_match,450
314,Intermediate,C24_ceiling,1800
314,Rapid,AUC_match,1200
314,Rapid,C24_match,600
314,Rapid,C24_ceiling,1800
315,Slow,AUC_match,600
315,Slow,C24_match,200
315,Slow,C24_ceiling,350
315,Intermediate,AUC_match,1250
315,Intermediate,C24_match,1800
315,Intermediate,C24_ceiling,1800
315,Rapid,AUC_match,1600
315,Rapid,C24_match,1800
315,Rapid,C24_ceiling,1800
316,Slow,AUC_match,550
316,Slow,C24_match,200
316,Slow,C24_ceiling,250
316,Intermediate,AUC_match,1150
316,Intermediate,C24_match,1800
316,Intermediate,C24_ceiling,1800
316,Rapid,AUC_match,1800
316,Rapid,C24_match,1800
316,Rapid,C24_ceiling,1800
317,Slow,AUC_match,550
317,Slow,C24_match,200
317,Slow,C24_ceiling,200
317,Intermediate,AUC_match,1250
317,Intermediate,C24_match,800
317,Intermediate,C24_ceiling,1800
317,Rapid,AUC_match,1800
317,Rapid,C24_match,1800
317,Rapid,C24_ceiling,1800
318,Slow,AUC_match,700
318,Slow,C24_match,200
318,Slow,C24_ceiling,550
318,Intermediate,AUC_match,1250
318,Intermediate,C24_match,1750
318,Intermediate,C24_ceiling,1800
318,Rapid,AUC_match,1800
318,Rapid,C24_match,1800
318,Rapid,C24_ceiling,1800
319,Slow,AUC_match,800
319,Slow,C24_match,300
319,Slow,C24_ceiling,950
319,Intermediate,AUC_match,1250
319,Intermediate,C24_match,1800
319,Intermediate,C24_ceiling,1800
319,Rapid,AUC_match,1800
319,Rapid,C24_match,1800
319,Rapid,C24_ceiling,1800
320,Slow,AUC_match,650
320,Slow,C24_match,200
320,Slow,C24_ceiling,300
320,Intermediate,AUC_match,1300
320,Intermediate,C24_match,700
320,Intermediate,C24_ceiling,1800
320,Rapid,AUC_match,1800
320,Rapid,C24_match,1800
320,Rapid,C24_ceiling,1800
321,Slow,AUC_match,700
321,Slow,C24_match,200
321,Slow,C24_ceiling,600
321,Intermediate,AUC_match,1200
321,Intermediate,C24_match,1800
321,Intermediate,C24_ceiling,1800
321,Rapid,AUC_match,1200
321,Rapid,C24_match,1600
321,Rapid,C24_ceiling,1800
322,Slow,AUC_match,650
322,Slow,C24_match,200
322,Slow,C24_ceiling,350
322,Intermediate,AUC_match,1250
322,Intermediate,C24_match,1150
322,Intermediate,C24_ceiling,1800
322,Rapid,AUC_match,1800
322,Rapid,C24_match,1800
322,Rapid,C24_ceiling,1800
323,Slow,AUC_match,600
323,Slow,C24_match,200
323,Slow,C24_ceiling,250
323,Intermediate,AUC_match,1100
323,Intermediate,C24_match,750
323,Intermediate,C24_ceiling,1800
323,Rapid,AUC_match,1800
323,Rapid,C24_match,1800
323,Rapid,C24_ceiling,1800
324,Slow,AUC_match,650
324,Slow,C24_match,200
324,Slow,C24_ceiling,300
324,Intermediate,AUC_match,1150
324,Intermediate,C24_match,650
324,Intermediate,C24_ceiling,1800
324,Rapid,AUC_match,1650
324,Rapid,C24_match,1700
324,Rapid,C24_ceiling,1800
325,Slow,AUC_match,700
325,Slow,C24_match,200
325,Slow,C24_ceiling,450
325,Intermediate,AUC_match,1350
325,Intermediate,C24_match,1100
325,Intermediate,C24_ceiling,1800
325,Rapid,AUC_match,1650
325,Rapid,C24_match,1700
325,Rapid,C24_ceiling,1800
326,Slow,AUC_match,650
326,Slow,C24_match,200
326,Slow,C24_ceiling,400
326,Intermediate,AUC_match,1250
326,Intermediate,C24_match,1150
326,Intermediate,C24_ceiling,1800
326,Rapid,AUC_match,1750
326,Rapid,C24_match,1800
326,Rapid,C24_ceiling,1800
327,Slow,AUC_match,800
327,Slow,C24_match,200
327,Slow,C24_ceiling,200
327,Intermediate,AUC_match,1300
327,Intermediate,C24_match,200
327,Intermediate,C24_ceiling,500
327,Rapid,AUC_match,1750
327,Rapid,C24_match,200
327,Rapid,C24_ceiling,800
328,Slow,AUC_match,800
328,Slow,C24_match,200
328,Slow,C24_ceiling,650
328,Intermediate,AUC_match,1400
328,Intermediate,C24_match,1400
328,Intermediate,C24_ceiling,1800
328,Rapid,AUC_match,1600
328,Rapid,C24_match,1800
328,Rapid,C24_ceiling,1800
329,Slow,AUC_match,600
329,Slow,C24_match,200
329,Slow,C24_ceiling,250
329,Intermediate,AUC_match,1250
329,Intermediate,C24_match,800
329,Intermediate,C24_ceiling,1800
329,Rapid,AUC_match,1800
329,Rapid,C24_match,1800
329,Rapid,C24_ceiling,1800
330,Slow,AUC_match,500
330,Slow,C24_match,200
330,Slow,C24_ceiling,200
330,Intermediate,AUC_match,1300
330,Intermediate,C24_match,850
330,Intermediate,C24_ceiling,1800
330,Rapid,AUC_match,1800
330,Rapid,C24_match,1800
330,Rapid,C24_ceiling,1800
331,Slow,AUC_match,600
331,Slow,C24_match,200
331,Slow,C24_ceiling,250
331,Intermediate,AUC_match,1150
331,Intermediate,C24_match,650
331,Intermediate,C24_ceiling,1800
331,Rapid,AUC_match,1600
331,Rapid,C24_match,1450
331,Rapid,C24_ceiling,1800
332,Slow,AUC_match,700
332,Slow,C24_match,200
332,Slow,C24_ceiling,650
332,Intermediate,AUC_match,1250
332,Intermediate,C24_match,1800
332,Intermediate,C24_ceiling,1800
332,Rapid,AUC_match,1550
332,Rapid,C24_match,1800
332,Rapid,C24_ceiling,1800
333,Slow,AUC_match,750
333,Slow,C24_match,200
333,Slow,C24_ceiling,600
333,Intermediate,AUC_match,1300
333,Intermediate,C24_match,1800
333,Intermediate,C24_ceiling,1800
333,Rapid,AUC_match,1800
333,Rapid,C24_match,1800
333,Rapid,C24_ceiling,1800
334,Slow,AUC_match,500
334,Slow,C24_match,200
334,Slow,C24_ceiling,200
334,Intermediate,AUC_match,1200
334,Intermediate,C24_match,1800
334,Intermediate,C24_ceiling,1800
334,Rapid,AUC_match,1500
334,Rapid,C24_match,1800
334,Rapid,C24_ceiling,1800
335,Slow,AUC_match,750
335,Slow,C24_match,200
335,Slow,C24_ceiling,500
335,Intermediate,AUC_match,1150
335,Intermediate,C24_match,650
335,Intermediate,C24_ceiling,1800
335,Rapid,AUC_match,1800
335,Rapid,C24_match,1800
335,Rapid,C24_ceiling,1800
336,Slow,AUC_match,700
336,Slow,C24_match,200
336,Slow,C24_ceiling,400
336,Intermediate,AUC_match,1250
336,Intermediate,C24_match,900
336,Intermediate,C24_ceiling,1800
336,Rapid,AUC_match,1300
336,Rapid,C24_match,950
336,Rapid,C24_ceiling,1800
337,Slow,AUC_match,700
337,Slow,C24_match,200
337,Slow,C24_ceiling,400
337,Intermediate,AUC_match,1250
337,Intermediate,C24_match,1550
337,Intermediate,C24_ceiling,1800
337,Rapid,AUC_match,1400
337,Rapid,C24_match,1800
337,Rapid,C24_ceiling,1800
338,Slow,AUC_match,800
338,Slow,C24_match,200
338,Slow,C24_ceiling,300
338,Intermediate,AUC_match,1300
338,Intermediate,C24_match,300
338,Intermediate,C24_ceiling,1500
338,Rapid,AUC_match,1450
338,Rapid,C24_match,350
338,Rapid,C24_ceiling,1800
339,Slow,AUC_match,1800
339,Slow,C24_match,250
339,Slow,C24_ceiling,1800
339,Intermediate,AUC_match,1800
339,Intermediate,C24_match,450
339,Intermediate,C24_ceiling,1800
339,Rapid,AUC_match,1800
339,Rapid,C24_match,400
339,Rapid,C24_ceiling,1800
340,Slow,AUC_match,650
340,Slow,C24_match,200
340,Slow,C24_ceiling,350
340,Intermediate,AUC_match,1300
340,Intermediate,C24_match,1800
340,Intermediate,C24_ceiling,1800
340,Rapid,AUC_match,1800
340,Rapid,C24_match,1800
340,Rapid,C24_ceiling,1800
341,Slow,AUC_match,600
341,Slow,C24_match,200
341,Slow,C24_ceiling,200
341,Intermediate,AUC_match,1200
341,Intermediate,C24_match,550
341,Intermediate,C24_ceiling,1800
341,Rapid,AUC_match,1400
341,Rapid,C24_match,900
341,Rapid,C24_ceiling,1800
342,Slow,AUC_match,550
342,Slow,C24_match,200
342,Slow,C24_ceiling,250
342,Intermediate,AUC_match,1200
342,Intermediate,C24_match,1800
342,Intermediate,C24_ceiling,1800
342,Rapid,AUC_match,1600
342,Rapid,C24_match,1800
342,Rapid,C24_ceiling,1800
343,Slow,AUC_match,550
343,Slow,C24_match,200
343,Slow,C24_ceiling,200
343,Intermediate,AUC_match,1250
343,Intermediate,C24_match,800
343,Intermediate,C24_ceiling,1800
343,Rapid,AUC_match,1400
343,Rapid,C24_match,1100
343,Rapid,C24_ceiling,1800
344,Slow,AUC_match,650
344,Slow,C24_match,200
344,Slow,C24_ceiling,400
344,Intermediate,AUC_match,1350
344,Intermediate,C24_match,1350
344,Intermediate,C24_ceiling,1800
344,Rapid,AUC_match,1800
344,Rapid,C24_match,1800
344,Rapid,C24_ceiling,1800
345,Slow,AUC_match,550
345,Slow,C24_match,200
345,Slow,C24_ceiling,250
345,Intermediate,AUC_match,1200
345,Intermediate,C24_match,1800
345,Intermediate,C24_ceiling,1800
345,Rapid,AUC_match,1800
345,Rapid,C24_match,1800
345,Rapid,C24_ceiling,1800
346,Slow,AUC_match,700
346,Slow,C24_match,200
346,Slow,C24_ceiling,450
346,Intermediate,AUC_match,1250
346,Intermediate,C24_match,700
346,Intermediate,C24_ceiling,1800
346,Rapid,AUC_match,1300
346,Rapid,C24_match,700
346,Rapid,C24_ceiling,1800
347,Slow,AUC_match,700
347,Slow,C24_match,200
347,Slow,C24_ceiling,650
347,Intermediate,AUC_match,1300
347,Intermediate,C24_match,1800
347,Intermediate,C24_ceiling,1800
347,Rapid,AUC_match,1800
347,Rapid,C24_match,1800
347,Rapid,C24_ceiling,1800
348,Slow,AUC_match,650
348,Slow,C24_match,200
348,Slow,C24_ceiling,400
348,Intermediate,AUC_match,1250
348,Intermediate,C24_match,1200
348,Intermediate,C24_ceiling,1800
348,Rapid,AUC_match,1750
348,Rapid,C24_match,1800
348,Rapid,C24_ceiling,1800
349,Slow,AUC_match,700
349,Slow,C24_match,200
349,Slow,C24_ceiling,450
349,Intermediate,AUC_match,1300
349,Intermediate,C24_match,1800
349,Intermediate,C24_ceiling,1800
349,Rapid,AUC_match,1800
349,Rapid,C24_match,1800
349,Rapid,C24_ceiling,1800
350,Slow,AUC_match,650
350,Slow,C24_match,200
350,Slow,C24_ceiling,400
350,Intermediate,AUC_match,1250
350,Intermediate,C24_match,1250
350,Intermediate,C24_ceiling,1800
350,Rapid,AUC_match,1350
350,Rapid,C24_match,1550
350,Rapid,C24_ceiling,1800
351,Slow,AUC_match,550
351,Slow,C24_match,200
351,Slow,C24_ceiling,200
351,Intermediate,AUC_match,1200
351,Intermediate,C24_match,800
351,Intermediate,C24_ceiling,1800
351,Rapid,AUC_match,1400
351,Rapid,C24_match,1250
351,Rapid,C24_ceiling,1800
352,Slow,AUC_match,650
352,Slow,C24_match,200
352,Slow,C24_ceiling,400
352,Intermediate,AUC_match,1100
352,Intermediate,C24_match,800
352,Intermediate,C24_ceiling,1800
352,Rapid,AUC_match,1550
352,Rapid,C24_match,1800
352,Rapid,C24_ceiling,1800
353,Slow,AUC_match,500
353,Slow,C24_match,200
353,Slow,C24_ceiling,200
353,Intermediate,AUC_match,1250
353,Intermediate,C24_match,950
353,Intermediate,C24_ceiling,1800
353,Rapid,AUC_match,1550
353,Rapid,C24_match,1700
353,Rapid,C24_ceiling,1800
354,Slow,AUC_match,800
354,Slow,C24_match,250
354,Slow,C24_ceiling,850
354,Intermediate,AUC_match,1250
354,Intermediate,C24_match,1050
354,Intermediate,C24_ceiling,1800
354,Rapid,AUC_match,1250
354,Rapid,C24_match,950
354,Rapid,C24_ceiling,1800
355,Slow,AUC_match,1800
355,Slow,C24_match,300
355,Slow,C24_ceiling,1800
355,Intermediate,AUC_match,1800
355,Intermediate,C24_match,500
355,Intermediate,C24_ceiling,1800
355,Rapid,AUC_match,1800
355,Rapid,C24_match,600
355,Rapid,C24_ceiling,1800
356,Slow,AUC_match,700
356,Slow,C24_match,200
356,Slow,C24_ceiling,550
356,Intermediate,AUC_match,1200
356,Intermediate,C24_match,1800
356,Intermediate,C24_ceiling,1800
356,Rapid,AUC_match,1550
356,Rapid,C24_match,1800
356,Rapid,C24_ceiling,1800
357,Slow,AUC_match,750
357,Slow,C24_match,250
357,Slow,C24_ceiling,750
357,Intermediate,AUC_match,1300
357,Intermediate,C24_match,1800
357,Intermediate,C24_ceiling,1800
357,Rapid,AUC_match,1800
357,Rapid,C24_match,1800
357,Rapid,C24_ceiling,1800
358,Slow,AUC_match,650
358,Slow,C24_match,200
358,Slow,C24_ceiling,400
358,Intermediate,AUC_match,1200
358,Intermediate,C24_match,1800
358,Intermediate,C24_ceiling,1800
358,Rapid,AUC_match,1000
358,Rapid,C24_match,700
358,Rapid,C24_ceiling,1800
359,Slow,AUC_match,750
359,Slow,C24_match,200
359,Slow,C24_ceiling,650
359,Intermediate,AUC_match,1350
359,Intermediate,C24_match,1650
359,Intermediate,C24_ceiling,1800
359,Rapid,AUC_match,1800
359,Rapid,C24_match,1800
359,Rapid,C24_ceiling,1800
360,Slow,AUC_match,750
360,Slow,C24_match,200
360,Slow,C24_ceiling,600
360,Intermediate,AUC_match,1200
360,Intermediate,C24_match,900
360,Intermediate,C24_ceiling,1800
360,Rapid,AUC_match,1800
360,Rapid,C24_match,1800
360,Rapid,C24_ceiling,1800
361,Slow,AUC_match,700
361,Slow,C24_match,200
361,Slow,C24_ceiling,650
361,Intermediate,AUC_match,1200
361,Intermediate,C24_match,1050
361,Intermediate,C24_ceiling,1800
361,Rapid,AUC_match,1500
361,Rapid,C24_match,1800
361,Rapid,C24_ceiling,1800
362,Slow,AUC_match,550
362,Slow,C24_match,200
362,Slow,C24_ceiling,200
362,Intermediate,AUC_match,1200
362,Intermediate,C24_match,600
362,Intermediate,C24_ceiling,1800
362,Rapid,AUC_match,1700
362,Rapid,C24_match,1600
362,Rapid,C24_ceiling,1800
363,Slow,AUC_match,650
363,Slow,C24_match,200
363,Slow,C24_ceiling,500
363,Intermediate,AUC_match,1350
363,Intermediate,C24_match,1800
363,Intermediate,C24_ceiling,1800
363,Rapid,AUC_match,1400
363,Rapid,C24_match,1800
363,Rapid,C24_ceiling,1800
364,Slow,AUC_match,750
364,Slow,C24_match,200
364,Slow,C24_ceiling,600
364,Intermediate,AUC_match,1250
364,Intermediate,C24_match,1400
364,Intermediate,C24_ceiling,1800
364,Rapid,AUC_match,1800
364,Rapid,C24_match,1800
364,Rapid,C24_ceiling,1800
365,Slow,AUC_match,650
365,Slow,C24_match,200
365,Slow,C24_ceiling,350
365,Intermediate,AUC_match,1250
365,Intermediate,C24_match,800
365,Intermediate,C24_ceiling,1800
365,Rapid,AUC_match,1400
365,Rapid,C24_match,1050
365,Rapid,C24_ceiling,1800
366,Slow,AUC_match,550
366,Slow,C24_match,200
366,Slow,C24_ceiling,200
366,Intermediate,AUC_match,1150
366,Intermediate,C24_match,1800
366,Intermediate,C24_ceiling,1800
366,Rapid,AUC_match,1800
366,Rapid,C24_match,1800
366,Rapid,C24_ceiling,1800
367,Slow,AUC_match,700
367,Slow,C24_match,200
367,Slow,C24_ceiling,450
367,Intermediate,AUC_match,1250
367,Intermediate,C24_match,650
367,Intermediate,C24_ceiling,1800
367,Rapid,AUC_match,1350
367,Rapid,C24_match,750
367,Rapid,C24_ceiling,1800
368,Slow,AUC_match,800
368,Slow,C24_match,350
368,Slow,C24_ceiling,1000
368,Intermediate,AUC_match,1300
368,Intermediate,C24_match,1800
368,Intermediate,C24_ceiling,1800
368,Rapid,AUC_match,1800
368,Rapid,C24_match,1800
368,Rapid,C24_ceiling,1800
369,Slow,AUC_match,750
369,Slow,C24_match,200
369,Slow,C24_ceiling,600
369,Intermediate,AUC_match,1300
369,Intermediate,C24_match,950
369,Intermediate,C24_ceiling,1800
369,Rapid,AUC_match,1800
369,Rapid,C24_match,1800
369,Rapid,C24_ceiling,1800
370,Slow,AUC_match,750
370,Slow,C24_match,200
370,Slow,C24_ceiling,550
370,Intermediate,AUC_match,1250
370,Intermediate,C24_match,700
370,Intermediate,C24_ceiling,1800
370,Rapid,AUC_match,1350
370,Rapid,C24_match,800
370,Rapid,C24_ceiling,1800
371,Slow,AUC_match,700
371,Slow,C24_match,200
371,Slow,C24_ceiling,450
371,Intermediate,AUC_match,1250
371,Intermediate,C24_match,900
371,Intermediate,C24_ceiling,1800
371,Rapid,AUC_match,1150
371,Rapid,C24_match,650
371,Rapid,C24_ceiling,1800
372,Slow,AUC_match,600
372,Slow,C24_match,200
372,Slow,C24_ceiling,300
372,Intermediate,AUC_match,1300
372,Intermediate,C24_match,850
372,Intermediate,C24_ceiling,1800
372,Rapid,AUC_match,1650
372,Rapid,C24_match,1600
372,Rapid,C24_ceiling,1800
373,Slow,AUC_match,800
373,Slow,C24_match,200
373,Slow,C24_ceiling,800
373,Intermediate,AUC_match,1500
373,Intermediate,C24_match,1350
373,Intermediate,C24_ceiling,1800
373,Rapid,AUC_match,1800
373,Rapid,C24_match,1800
373,Rapid,C24_ceiling,1800
374,Slow,AUC_match,700
374,Slow,C24_match,200
374,Slow,C24_ceiling,400
374,Intermediate,AUC_match,1200
374,Intermediate,C24_match,700
374,Intermediate,C24_ceiling,1800
374,Rapid,AUC_match,1700
374,Rapid,C24_match,1800
374,Rapid,C24_ceiling,1800
375,Slow,AUC_match,650
375,Slow,C24_match,200
375,Slow,C24_ceiling,350
375,Intermediate,AUC_match,1150
375,Intermediate,C24_match,1800
375,Intermediate,C24_ceiling,1800
375,Rapid,AUC_match,700
375,Rapid,C24_match,200
375,Rapid,C24_ceiling,500
376,Slow,AUC_match,450
376,Slow,C24_match,200
376,Slow,C24_ceiling,200
376,Intermediate,AUC_match,1000
376,Intermediate,C24_match,1150
376,Intermediate,C24_ceiling,1800
376,Rapid,AUC_match,1800
376,Rapid,C24_match,1800
376,Rapid,C24_ceiling,1800
377,Slow,AUC_match,650
377,Slow,C24_match,200
377,Slow,C24_ceiling,400
377,Intermediate,AUC_match,1200
377,Intermediate,C24_match,800
377,Intermediate,C24_ceiling,1800
377,Rapid,AUC_match,1750
377,Rapid,C24_match,1800
377,Rapid,C24_ceiling,1800
378,Slow,AUC_match,650
378,Slow,C24_match,200
378,Slow,C24_ceiling,350
378,Intermediate,AUC_match,1050
378,Intermediate,C24_match,400
378,Intermediate,C24_ceiling,1650
378,Rapid,AUC_match,1800
378,Rapid,C24_match,1800
378,Rapid,C24_ceiling,1800
379,Slow,AUC_match,650
379,Slow,C24_match,200
379,Slow,C24_ceiling,250
379,Intermediate,AUC_match,1150
379,Intermediate,C24_match,550
379,Intermediate,C24_ceiling,1800
379,Rapid,AUC_match,1650
379,Rapid,C24_match,1500
379,Rapid,C24_ceiling,1800
380,Slow,AUC_match,450
380,Slow,C24_match,200
380,Slow,C24_ceiling,200
380,Intermediate,AUC_match,1100
380,Intermediate,C24_match,1800
380,Intermediate,C24_ceiling,1800
380,Rapid,AUC_match,1650
380,Rapid,C24_match,1800
380,Rapid,C24_ceiling,1800
381,Slow,AUC_match,650
381,Slow,C24_match,200
381,Slow,C24_ceiling,350
381,Intermediate,AUC_match,1350
381,Intermediate,C24_match,1450
381,Intermediate,C24_ceiling,1800
381,Rapid,AUC_match,1800
381,Rapid,C24_match,1800
381,Rapid,C24_ceiling,1800
382,Slow,AUC_match,650
382,Slow,C24_match,200
382,Slow,C24_ceiling,300
382,Intermediate,AUC_match,1100
382,Intermediate,C24_match,550
382,Intermediate,C24_ceiling,1800
382,Rapid,AUC_match,1400
382,Rapid,C24_match,1050
382,Rapid,C24_ceiling,1800
383,Slow,AUC_match,650
383,Slow,C24_match,200
383,Slow,C24_ceiling,400
383,Intermediate,AUC_match,1200
383,Intermediate,C24_match,850
383,Intermediate,C24_ceiling,1800
383,Rapid,AUC_match,1150
383,Rapid,C24_match,700
383,Rapid,C24_ceiling,1800
384,Slow,AUC_match,600
384,Slow,C24_match,200
384,Slow,C24_ceiling,250
384,Intermediate,AUC_match,1100
384,Intermediate,C24_match,450
384,Intermediate,C24_ceiling,1800
384,Rapid,AUC_match,1200
384,Rapid,C24_match,550
384,Rapid,C24_ceiling,1800
385,Slow,AUC_match,700
385,Slow,C24_match,200
385,Slow,C24_ceiling,550
385,Intermediate,AUC_match,1200
385,Intermediate,C24_match,950
385,Intermediate,C24_ceiling,1800
385,Rapid,AUC_match,800
385,Rapid,C24_match,200
385,Rapid,C24_ceiling,650
386,Slow,AUC_match,650
386,Slow,C24_match,200
386,Slow,C24_ceiling,350
386,Intermediate,AUC_match,1350
386,Intermediate,C24_match,1650
386,Intermediate,C24_ceiling,1800
386,Rapid,AUC_match,1200
386,Rapid,C24_match,1100
386,Rapid,C24_ceiling,1800
387,Slow,AUC_match,600
387,Slow,C24_match,200
387,Slow,C24_ceiling,300
387,Intermediate,AUC_match,1300
387,Intermediate,C24_match,1200
387,Intermediate,C24_ceiling,1800
387,Rapid,AUC_match,1800
387,Rapid,C24_match,1800
387,Rapid,C24_ceiling,1800
388,Slow,AUC_match,700
388,Slow,C24_match,200
388,Slow,C24_ceiling,550
388,Intermediate,AUC_match,1250
388,Intermediate,C24_match,900
388,Intermediate,C24_ceiling,1800
388,Rapid,AUC_match,1800
388,Rapid,C24_match,1800
388,Rapid,C24_ceiling,1800
389,Slow,AUC_match,550
389,Slow,C24_match,200
389,Slow,C24_ceiling,250
389,Intermediate,AUC_match,1100
389,Intermediate,C24_match,700
389,Intermediate,C24_ceiling,1800
389,Rapid,AUC_match,1200
389,Rapid,C24_match,1000
389,Rapid,C24_ceiling,1800
390,Slow,AUC_match,550
390,Slow,C24_match,200
390,Slow,C24_ceiling,200
390,Intermediate,AUC_match,1200
390,Intermediate,C24_match,1400
390,Intermediate,C24_ceiling,1800
390,Rapid,AUC_match,1600
390,Rapid,C24_match,1800
390,Rapid,C24_ceiling,1800
391,Slow,AUC_match,650
391,Slow,C24_match,200
391,Slow,C24_ceiling,500
391,Intermediate,AUC_match,1250
391,Intermediate,C24_match,1800
391,Intermediate,C24_ceiling,1800
391,Rapid,AUC_match,1800
391,Rapid,C24_match,1800
391,Rapid,C24_ceiling,1800
392,Slow,AUC_match,550
392,Slow,C24_match,200
392,Slow,C24_ceiling,250
392,Intermediate,AUC_match,1150
392,Intermediate,C24_match,750
392,Intermediate,C24_ceiling,1800
392,Rapid,AUC_match,1350
392,Rapid,C24_match,1200
392,Rapid,C24_ceiling,1800
393,Slow,AUC_match,700
393,Slow,C24_match,200
393,Slow,C24_ceiling,650
393,Intermediate,AUC_match,1200
393,Intermediate,C24_match,1800
393,Intermediate,C24_ceiling,1800
393,Rapid,AUC_match,1800
393,Rapid,C24_match,1800
393,Rapid,C24_ceiling,1800
394,Slow,AUC_match,500
394,Slow,C24_match,200
394,Slow,C24_ceiling,200
394,Intermediate,AUC_match,1250
394,Intermediate,C24_match,1500
394,Intermediate,C24_ceiling,1800
394,Rapid,AUC_match,1800
394,Rapid,C24_match,1800
394,Rapid,C24_ceiling,1800
395,Slow,AUC_match,550
395,Slow,C24_match,200
395,Slow,C24_ceiling,250
395,Intermediate,AUC_match,1150
395,Intermediate,C24_match,1800
395,Intermediate,C24_ceiling,1800
395,Rapid,AUC_match,1800
395,Rapid,C24_match,1800
395,Rapid,C24_ceiling,1800
396,Slow,AUC_match,650
396,Slow,C24_match,200
396,Slow,C24_ceiling,300
396,Intermediate,AUC_match,1150
396,Intermediate,C24_match,650
396,Intermediate,C24_ceiling,1800
396,Rapid,AUC_match,1800
396,Rapid,C24_match,1800
396,Rapid,C24_ceiling,1800
397,Slow,AUC_match,600
397,Slow,C24_match,200
397,Slow,C24_ceiling,300
397,Intermediate,AUC_match,1200
397,Intermediate,C24_match,800
397,Intermediate,C24_ceiling,1800
397,Rapid,AUC_match,1800
397,Rapid,C24_match,1800
397,Rapid,C24_ceiling,1800
398,Slow,AUC_match,600
398,Slow,C24_match,200
398,Slow,C24_ceiling,250
398,Intermediate,AUC_match,1100
398,Intermediate,C24_match,1200
398,Intermediate,C24_ceiling,1800
398,Rapid,AUC_match,1400
398,Rapid,C24_match,1800
398,Rapid,C24_ceiling,1800
399,Slow,AUC_match,800
399,Slow,C24_match,350
399,Slow,C24_ceiling,950
399,Intermediate,AUC_match,1250
399,Intermediate,C24_match,1800
399,Intermediate,C24_ceiling,1800
399,Rapid,AUC_match,1800
399,Rapid,C24_match,1800
399,Rapid,C24_ceiling,1800
400,Slow,AUC_match,550
400,Slow,C24_match,200
400,Slow,C24_ceiling,200
400,Intermediate,AUC_match,1100
400,Intermediate,C24_match,550
400,Intermediate,C24_ceiling,1800
400,Rapid,AUC_match,1100
400,Rapid,C24_match,500
400,Rapid,C24_ceiling,1800
401,Slow,AUC_match,500
401,Slow,C24_match,200
401,Slow,C24_ceiling,200
401,Intermediate,AUC_match,1100
401,Intermediate,C24_match,1800
401,Intermediate,C24_ceiling,1800
401,Rapid,AUC_match,850
401,Rapid,C24_match,350
401,Rapid,C24_ceiling,1000
402,Slow,AUC_match,750
402,Slow,C24_match,200
402,Slow,C24_ceiling,700
402,Intermediate,AUC_match,1450
402,Intermediate,C24_match,1800
402,Intermediate,C24_ceiling,1800
402,Rapid,AUC_match,1800
402,Rapid,C24_match,1800
402,Rapid,C24_ceiling,1800
403,Slow,AUC_match,750
403,Slow,C24_match,250
403,Slow,C24_ceiling,700
403,Intermediate,AUC_match,1300
403,Intermediate,C24_match,1800
403,Intermediate,C24_ceiling,1800
403,Rapid,AUC_match,1800
403,Rapid,C24_match,1800
403,Rapid,C24_ceiling,1800
404,Slow,AUC_match,600
404,Slow,C24_match,200
404,Slow,C24_ceiling,250
404,Intermediate,AUC_match,1300
404,Intermediate,C24_match,1450
404,Intermediate,C24_ceiling,1800
404,Rapid,AUC_match,1800
404,Rapid,C24_match,1800
404,Rapid,C24_ceiling,1800
405,Slow,AUC_match,600
405,Slow,C24_match,200
405,Slow,C24_ceiling,250
405,Intermediate,AUC_match,1200
405,Intermediate,C24_match,750
405,Intermediate,C24_ceiling,1800
405,Rapid,AUC_match,1150
405,Rapid,C24_match,650
405,Rapid,C24_ceiling,1800
406,Slow,AUC_match,700
406,Slow,C24_match,200
406,Slow,C24_ceiling,350
406,Intermediate,AUC_match,1250
406,Intermediate,C24_match,800
406,Intermediate,C24_ceiling,1800
406,Rapid,AUC_match,1700
406,Rapid,C24_match,1800
406,Rapid,C24_ceiling,1800
407,Slow,AUC_match,550
407,Slow,C24_match,200
407,Slow,C24_ceiling,200
407,Intermediate,AUC_match,1200
407,Intermediate,C24_match,950
407,Intermediate,C24_ceiling,1800
407,Rapid,AUC_match,1800
407,Rapid,C24_match,1800
407,Rapid,C24_ceiling,1800
408,Slow,AUC_match,600
408,Slow,C24_match,200
408,Slow,C24_ceiling,300
408,Intermediate,AUC_match,1200
408,Intermediate,C24_match,750
408,Intermediate,C24_ceiling,1800
408,Rapid,AUC_match,1450
408,Rapid,C24_match,1100
408,Rapid,C24_ceiling,1800
409,Slow,AUC_match,700
409,Slow,C24_match,200
409,Slow,C24_ceiling,500
409,Intermediate,AUC_match,1200
409,Intermediate,C24_match,650
409,Intermediate,C24_ceiling,1800
409,Rapid,AUC_match,750
409,Rapid,C24_match,200
409,Rapid,C24_ceiling,500
410,Slow,AUC_match,650
410,Slow,C24_match,200
410,Slow,C24_ceiling,300
410,Intermediate,AUC_match,1250
410,Intermediate,C24_match,750
410,Intermediate,C24_ceiling,1800
410,Rapid,AUC_match,1700
410,Rapid,C24_match,1800
410,Rapid,C24_ceiling,1800
411,Slow,AUC_match,550
411,Slow,C24_match,200
411,Slow,C24_ceiling,200
411,Intermediate,AUC_match,1150
411,Intermediate,C24_match,750
411,Intermediate,C24_ceiling,1800
411,Rapid,AUC_match,1800
411,Rapid,C24_match,1800
411,Rapid,C24_ceiling,1800
412,Slow,AUC_match,650
412,Slow,C24_match,200
412,Slow,C24_ceiling,450
412,Intermediate,AUC_match,1250
412,Intermediate,C24_match,800
412,Intermediate,C24_ceiling,1800
412,Rapid,AUC_match,1550
412,Rapid,C24_match,1400
412,Rapid,C24_ceiling,1800
413,Slow,AUC_match,600
413,Slow,C24_match,200
413,Slow,C24_ceiling,350
413,Intermediate,AUC_match,1100
413,Intermediate,C24_match,700
413,Intermediate,C24_ceiling,1800
413,Rapid,AUC_match,1800
413,Rapid,C24_match,1800
413,Rapid,C24_ceiling,1800
414,Slow,AUC_match,550
414,Slow,C24_match,200
414,Slow,C24_ceiling,200
414,Intermediate,AUC_match,1200
414,Intermediate,C24_match,950
414,Intermediate,C24_ceiling,1800
414,Rapid,AUC_match,1350
414,Rapid,C24_match,1300
414,Rapid,C24_ceiling,1800
415,Slow,AUC_match,550
415,Slow,C24_match,200
415,Slow,C24_ceiling,250
415,Intermediate,AUC_match,1000
415,Intermediate,C24_match,1450
415,Intermediate,C24_ceiling,1800
415,Rapid,AUC_match,1550
415,Rapid,C24_match,1800
415,Rapid,C24_ceiling,1800
416,Slow,AUC_match,850
416,Slow,C24_match,200
416,Slow,C24_ceiling,850
416,Intermediate,AUC_match,1350
416,Intermediate,C24_match,700
416,Intermediate,C24_ceiling,1800
416,Rapid,AUC_match,1250
416,Rapid,C24_match,600
416,Rapid,C24_ceiling,1800
417,Slow,AUC_match,850
417,Slow,C24_match,600
417,Slow,C24_ceiling,1500
417,Intermediate,AUC_match,1250
417,Intermediate,C24_match,1800
417,Intermediate,C24_ceiling,1800
417,Rapid,AUC_match,1400
417,Rapid,C24_match,1800
417,Rapid,C24_ceiling,1800
418,Slow,AUC_match,700
418,Slow,C24_match,200
418,Slow,C24_ceiling,550
418,Intermediate,AUC_match,1300
418,Intermediate,C24_match,900
418,Intermediate,C24_ceiling,1800
418,Rapid,AUC_match,1800
418,Rapid,C24_match,1800
418,Rapid,C24_ceiling,1800
419,Slow,AUC_match,800
419,Slow,C24_match,200
419,Slow,C24_ceiling,200
419,Intermediate,AUC_match,1400
419,Intermediate,C24_match,200
419,Intermediate,C24_ceiling,400
419,Rapid,AUC_match,1800
419,Rapid,C24_match,200
419,Rapid,C24_ceiling,1100
420,Slow,AUC_match,650
420,Slow,C24_match,200
420,Slow,C24_ceiling,350
420,Intermediate,AUC_match,1250
420,Intermediate,C24_match,700
420,Intermediate,C24_ceiling,1800
420,Rapid,AUC_match,1500
420,Rapid,C24_match,1050
420,Rapid,C24_ceiling,1800
421,Slow,AUC_match,650
421,Slow,C24_match,200
421,Slow,C24_ceiling,450
421,Intermediate,AUC_match,1250
421,Intermediate,C24_match,900
421,Intermediate,C24_ceiling,1800
421,Rapid,AUC_match,1050
421,Rapid,C24_match,500
421,Rapid,C24_ceiling,1800
422,Slow,AUC_match,700
422,Slow,C24_match,200
422,Slow,C24_ceiling,500
422,Intermediate,AUC_match,1100
422,Intermediate,C24_match,650
422,Intermediate,C24_ceiling,1800
422,Rapid,AUC_match,1450
422,Rapid,C24_match,1350
422,Rapid,C24_ceiling,1800
423,Slow,AUC_match,700
423,Slow,C24_match,200
423,Slow,C24_ceiling,500
423,Intermediate,AUC_match,1150
423,Intermediate,C24_match,700
423,Intermediate,C24_ceiling,1800
423,Rapid,AUC_match,1800
423,Rapid,C24_match,1800
423,Rapid,C24_ceiling,1800
424,Slow,AUC_match,650
424,Slow,C24_match,200
424,Slow,C24_ceiling,350
424,Intermediate,AUC_match,1350
424,Intermediate,C24_match,1350
424,Intermediate,C24_ceiling,1800
424,Rapid,AUC_match,1400
424,Rapid,C24_match,1400
424,Rapid,C24_ceiling,1800
425,Slow,AUC_match,600
425,Slow,C24_match,200
425,Slow,C24_ceiling,300
425,Intermediate,AUC_match,1350
425,Intermediate,C24_match,950
425,Intermediate,C24_ceiling,1800
425,Rapid,AUC_match,1550
425,Rapid,C24_match,1350
425,Rapid,C24_ceiling,1800
426,Slow,AUC_match,800
426,Slow,C24_match,200
426,Slow,C24_ceiling,850
426,Intermediate,AUC_match,1300
426,Intermediate,C24_match,1450
426,Intermediate,C24_ceiling,1800
426,Rapid,AUC_match,1800
426,Rapid,C24_match,1800
426,Rapid,C24_ceiling,1800
427,Slow,AUC_match,650
427,Slow,C24_match,200
427,Slow,C24_ceiling,400
427,Intermediate,AUC_match,1100
427,Intermediate,C24_match,600
427,Intermediate,C24_ceiling,1800
427,Rapid,AUC_match,1050
427,Rapid,C24_match,450
427,Rapid,C24_ceiling,1800
428,Slow,AUC_match,600
428,Slow,C24_match,200
428,Slow,C24_ceiling,300
428,Intermediate,AUC_match,1200
428,Intermediate,C24_match,1700
428,Intermediate,C24_ceiling,1800
428,Rapid,AUC_match,1700
428,Rapid,C24_match,1800
428,Rapid,C24_ceiling,1800
429,Slow,AUC_match,650
429,Slow,C24_match,200
429,Slow,C24_ceiling,350
429,Intermediate,AUC_match,1200
429,Intermediate,C24_match,750
429,Intermediate,C24_ceiling,1800
429,Rapid,AUC_match,1500
429,Rapid,C24_match,1350
429,Rapid,C24_ceiling,1800
430,Slow,AUC_match,750
430,Slow,C24_match,250
430,Slow,C24_ceiling,800
430,Intermediate,AUC_match,1300
430,Intermediate,C24_match,1800
430,Intermediate,C24_ceiling,1800
430,Rapid,AUC_match,1800
430,Rapid,C24_match,1800
430,Rapid,C24_ceiling,1800
431,Slow,AUC_match,500
431,Slow,C24_match,200
431,Slow,C24_ceiling,200
431,Intermediate,AUC_match,1300
431,Intermediate,C24_match,1800
431,Intermediate,C24_ceiling,1800
431,Rapid,AUC_match,1200
431,Rapid,C24_match,1800
431,Rapid,C24_ceiling,1800
432,Slow,AUC_match,650
432,Slow,C24_match,200
432,Slow,C24_ceiling,400
432,Intermediate,AUC_match,1250
432,Intermediate,C24_match,700
432,Intermediate,C24_ceiling,1800
432,Rapid,AUC_match,1800
432,Rapid,C24_match,1800
432,Rapid,C24_ceiling,1800
433,Slow,AUC_match,650
433,Slow,C24_match,200
433,Slow,C24_ceiling,400
433,Intermediate,AUC_match,1200
433,Intermediate,C24_match,1150
433,Intermediate,C24_ceiling,1800
433,Rapid,AUC_match,1300
433,Rapid,C24_match,1450
433,Rapid,C24_ceiling,1800
434,Slow,AUC_match,600
434,Slow,C24_match,200
434,Slow,C24_ceiling,300
434,Intermediate,AUC_match,1100
434,Intermediate,C24_match,600
434,Intermediate,C24_ceiling,1800
434,Rapid,AUC_match,1600
434,Rapid,C24_match,1700
434,Rapid,C24_ceiling,1800
435,Slow,AUC_match,600
435,Slow,C24_match,200
435,Slow,C24_ceiling,250
435,Intermediate,AUC_match,1150
435,Intermediate,C24_match,700
435,Intermediate,C24_ceiling,1800
435,Rapid,AUC_match,1800
435,Rapid,C24_match,1800
435,Rapid,C24_ceiling,1800
436,Slow,AUC_match,650
436,Slow,C24_match,200
436,Slow,C24_ceiling,300
436,Intermediate,AUC_match,1150
436,Intermediate,C24_match,600
436,Intermediate,C24_ceiling,1800
436,Rapid,AUC_match,1800
436,Rapid,C24_match,1800
436,Rapid,C24_ceiling,1800
437,Slow,AUC_match,1800
437,Slow,C24_match,250
437,Slow,C24_ceiling,1800
437,Intermediate,AUC_match,1800
437,Intermediate,C24_match,450
437,Intermediate,C24_ceiling,1800
437,Rapid,AUC_match,1800
437,Rapid,C24_match,350
437,Rapid,C24_ceiling,1800
438,Slow,AUC_match,600
438,Slow,C24_match,200
438,Slow,C24_ceiling,350
438,Intermediate,AUC_match,1200
438,Intermediate,C24_match,1800
438,Intermediate,C24_ceiling,1800
438,Rapid,AUC_match,950
438,Rapid,C24_match,950
438,Rapid,C24_ceiling,1800
439,Slow,AUC_match,700
439,Slow,C24_match,200
439,Slow,C24_ceiling,450
439,Intermediate,AUC_match,1200
439,Intermediate,C24_match,900
439,Intermediate,C24_ceiling,1800
439,Rapid,AUC_match,1300
439,Rapid,C24_match,1050
439,Rapid,C24_ceiling,1800
440,Slow,AUC_match,600
440,Slow,C24_match,200
440,Slow,C24_ceiling,250
440,Intermediate,AUC_match,1000
440,Intermediate,C24_match,550
440,Intermediate,C24_ceiling,1800
440,Rapid,AUC_match,1800
440,Rapid,C24_match,1800
440,Rapid,C24_ceiling,1800
441,Slow,AUC_match,1800
441,Slow,C24_match,250
441,Slow,C24_ceiling,1800
441,Intermediate,AUC_match,1800
441,Intermediate,C24_match,500
441,Intermediate,C24_ceiling,1800
441,Rapid,AUC_match,1800
441,Rapid,C24_match,600
441,Rapid,C24_ceiling,1800
442,Slow,AUC_match,650
442,Slow,C24_match,200
442,Slow,C24_ceiling,400
442,Intermediate,AUC_match,1250
442,Intermediate,C24_match,1400
442,Intermediate,C24_ceiling,1800
442,Rapid,AUC_match,1800
442,Rapid,C24_match,1800
442,Rapid,C24_ceiling,1800
443,Slow,AUC_match,500
443,Slow,C24_match,200
443,Slow,C24_ceiling,200
443,Intermediate,AUC_match,1100
443,Intermediate,C24_match,850
443,Intermediate,C24_ceiling,1800
443,Rapid,AUC_match,1150
443,Rapid,C24_match,950
443,Rapid,C24_ceiling,1800
444,Slow,AUC_match,550
444,Slow,C24_match,200
444,Slow,C24_ceiling,250
444,Intermediate,AUC_match,1250
444,Intermediate,C24_match,800
444,Intermediate,C24_ceiling,1800
444,Rapid,AUC_match,1600
444,Rapid,C24_match,1400
444,Rapid,C24_ceiling,1800
445,Slow,AUC_match,600
445,Slow,C24_match,200
445,Slow,C24_ceiling,300
445,Intermediate,AUC_match,1200
445,Intermediate,C24_match,950
445,Intermediate,C24_ceiling,1800
445,Rapid,AUC_match,1250
445,Rapid,C24_match,1100
445,Rapid,C24_ceiling,1800
446,Slow,AUC_match,650
446,Slow,C24_match,200
446,Slow,C24_ceiling,350
446,Intermediate,AUC_match,1300
446,Intermediate,C24_match,850
446,Intermediate,C24_ceiling,1800
446,Rapid,AUC_match,1450
446,Rapid,C24_match,1100
446,Rapid,C24_ceiling,1800
447,Slow,AUC_match,650
447,Slow,C24_match,200
447,Slow,C24_ceiling,300
447,Intermediate,AUC_match,1150
447,Intermediate,C24_match,550
447,Intermediate,C24_ceiling,1800
447,Rapid,AUC_match,1800
447,Rapid,C24_match,1800
447,Rapid,C24_ceiling,1800
448,Slow,AUC_match,650
448,Slow,C24_match,200
448,Slow,C24_ceiling,350
448,Intermediate,AUC_match,1400
448,Intermediate,C24_match,1350
448,Intermediate,C24_ceiling,1800
448,Rapid,AUC_match,1800
448,Rapid,C24_match,1800
448,Rapid,C24_ceiling,1800
449,Slow,AUC_match,650
449,Slow,C24_match,200
449,Slow,C24_ceiling,350
449,Intermediate,AUC_match,1300
449,Intermediate,C24_match,1350
449,Intermediate,C24_ceiling,1800
449,Rapid,AUC_match,1700
449,Rapid,C24_match,1800
449,Rapid,C24_ceiling,1800
450,Slow,AUC_match,1800
450,Slow,C24_match,300
450,Slow,C24_ceiling,1800
450,Intermediate,AUC_match,1800
450,Intermediate,C24_match,500
450,Intermediate,C24_ceiling,1800
450,Rapid,AUC_match,1800
450,Rapid,C24_match,800
450,Rapid,C24_ceiling,1800
451,Slow,AUC_match,800
451,Slow,C24_match,250
451,Slow,C24_ceiling,950
451,Intermediate,AUC_match,1250
451,Intermediate,C24_match,1500
451,Intermediate,C24_ceiling,1800
451,Rapid,AUC_match,1800
451,Rapid,C24_match,1800
451,Rapid,C24_ceiling,1800
452,Slow,AUC_match,650
452,Slow,C24_match,200
452,Slow,C24_ceiling,350
452,Intermediate,AUC_match,1200
452,Intermediate,C24_match,850
452,Intermediate,C24_ceiling,1800
452,Rapid,AUC_match,1650
452,Rapid,C24_match,1800
452,Rapid,C24_ceiling,1800
453,Slow,AUC_match,600
453,Slow,C24_match,200
453,Slow,C24_ceiling,250
453,Intermediate,AUC_match,1250
453,Intermediate,C24_match,750
453,Intermediate,C24_ceiling,1800
453,Rapid,AUC_match,1800
453,Rapid,C24_match,1800
453,Rapid,C24_ceiling,1800
454,Slow,AUC_match,600
454,Slow,C24_match,200
454,Slow,C24_ceiling,300
454,Intermediate,AUC_match,1200
454,Intermediate,C24_match,700
454,Intermediate,C24_ceiling,1800
454,Rapid,AUC_match,700
454,Rapid,C24_match,200
454,Rapid,C24_ceiling,400
455,Slow,AUC_match,650
455,Slow,C24_match,200
455,Slow,C24_ceiling,500
455,Intermediate,AUC_match,1200
455,Intermediate,C24_match,1800
455,Intermediate,C24_ceiling,1800
455,Rapid,AUC_match,1300
455,Rapid,C24_match,1800
455,Rapid,C24_ceiling,1800
456,Slow,AUC_match,800
456,Slow,C24_match,200
456,Slow,C24_ceiling,800
456,Intermediate,AUC_match,1300
456,Intermediate,C24_match,850
456,Intermediate,C24_ceiling,1800
456,Rapid,AUC_match,1800
456,Rapid,C24_match,1800
456,Rapid,C24_ceiling,1800
457,Slow,AUC_match,700
457,Slow,C24_match,200
457,Slow,C24_ceiling,500
457,Intermediate,AUC_match,1350
457,Intermediate,C24_match,1600
457,Intermediate,C24_ceiling,1800
457,Rapid,AUC_match,1800
457,Rapid,C24_match,1800
457,Rapid,C24_ceiling,1800
458,Slow,AUC_match,750
458,Slow,C24_match,200
458,Slow,C24_ceiling,750
458,Intermediate,AUC_match,1350
458,Intermediate,C24_match,1800
458,Intermediate,C24_ceiling,1800
458,Rapid,AUC_match,1800
458,Rapid,C24_match,1800
458,Rapid,C24_ceiling,1800
459,Slow,AUC_match,750
459,Slow,C24_match,200
459,Slow,C24_ceiling,600
459,Intermediate,AUC_match,1350
459,Intermediate,C24_match,1350
459,Intermediate,C24_ceiling,1800
459,Rapid,AUC_match,1800
459,Rapid,C24_match,1800
459,Rapid,C24_ceiling,1800
460,Slow,AUC_match,750
460,Slow,C24_match,200
460,Slow,C24_ceiling,650
460,Intermediate,AUC_match,1300
460,Intermediate,C24_match,1800
460,Intermediate,C24_ceiling,1800
460,Rapid,AUC_match,1800
460,Rapid,C24_match,1800
460,Rapid,C24_ceiling,1800
461,Slow,AUC_match,650
461,Slow,C24_match,200
461,Slow,C24_ceiling,350
461,Intermediate,AUC_match,1250
461,Intermediate,C24_match,1800
461,Intermediate,C24_ceiling,1800
461,Rapid,AUC_match,1800
461,Rapid,C24_match,1800
461,Rapid,C24_ceiling,1800
462,Slow,AUC_match,750
462,Slow,C24_match,200
462,Slow,C24_ceiling,600
462,Intermediate,AUC_match,1300
462,Intermediate,C24_match,1400
462,Intermediate,C24_ceiling,1800
462,Rapid,AUC_match,1450
462,Rapid,C24_match,1800
462,Rapid,C24_ceiling,1800
463,Slow,AUC_match,800
463,Slow,C24_match,200
463,Slow,C24_ceiling,700
463,Intermediate,AUC_match,1250
463,Intermediate,C24_match,850
463,Intermediate,C24_ceiling,1800
463,Rapid,AUC_match,1800
463,Rapid,C24_match,1800
463,Rapid,C24_ceiling,1800
464,Slow,AUC_match,550
464,Slow,C24_match,200
464,Slow,C24_ceiling,200
464,Intermediate,AUC_match,1050
464,Intermediate,C24_match,450
464,Intermediate,C24_ceiling,1750
464,Rapid,AUC_match,1800
464,Rapid,C24_match,1800
464,Rapid,C24_ceiling,1800
465,Slow,AUC_match,700
465,Slow,C24_match,200
465,Slow,C24_ceiling,500
465,Intermediate,AUC_match,1250
465,Intermediate,C24_match,750
465,Intermediate,C24_ceiling,1800
465,Rapid,AUC_match,1800
465,Rapid,C24_match,1800
465,Rapid,C24_ceiling,1800
466,Slow,AUC_match,1800
466,Slow,C24_match,250
466,Slow,C24_ceiling,1750
466,Intermediate,AUC_match,1800
466,Intermediate,C24_match,450
466,Intermediate,C24_ceiling,1800
466,Rapid,AUC_match,1800
466,Rapid,C24_match,750
466,Rapid,C24_ceiling,1800
467,Slow,AUC_match,700
467,Slow,C24_match,200
467,Slow,C24_ceiling,450
467,Intermediate,AUC_match,1300
467,Intermediate,C24_match,1700
467,Intermediate,C24_ceiling,1800
467,Rapid,AUC_match,1800
467,Rapid,C24_match,1800
467,Rapid,C24_ceiling,1800
468,Slow,AUC_match,650
468,Slow,C24_match,200
468,Slow,C24_ceiling,500
468,Intermediate,AUC_match,1200
468,Intermediate,C24_match,1800
468,Intermediate,C24_ceiling,1800
468,Rapid,AUC_match,1100
468,Rapid,C24_match,1800
468,Rapid,C24_ceiling,1800
469,Slow,AUC_match,550
469,Slow,C24_match,200
469,Slow,C24_ceiling,250
469,Intermediate,AUC_match,1150
469,Intermediate,C24_match,600
469,Intermediate,C24_ceiling,1800
469,Rapid,AUC_match,1200
469,Rapid,C24_match,650
469,Rapid,C24_ceiling,1800
470,Slow,AUC_match,650
470,Slow,C24_match,200
470,Slow,C24_ceiling,400
470,Intermediate,AUC_match,1250
470,Intermediate,C24_match,850
470,Intermediate,C24_ceiling,1800
470,Rapid,AUC_match,1800
470,Rapid,C24_match,1800
470,Rapid,C24_ceiling,1800
471,Slow,AUC_match,600
471,Slow,C24_match,200
471,Slow,C24_ceiling,300
471,Intermediate,AUC_match,1300
471,Intermediate,C24_match,1200
471,Intermediate,C24_ceiling,1800
471,Rapid,AUC_match,1800
471,Rapid,C24_match,1800
471,Rapid,C24_ceiling,1800
472,Slow,AUC_match,650
472,Slow,C24_match,200
472,Slow,C24_ceiling,400
472,Intermediate,AUC_match,1200
472,Intermediate,C24_match,1800
472,Intermediate,C24_ceiling,1800
472,Rapid,AUC_match,1800
472,Rapid,C24_match,1800
472,Rapid,C24_ceiling,1800
473,Slow,AUC_match,700
473,Slow,C24_match,200
473,Slow,C24_ceiling,500
473,Intermediate,AUC_match,1250
473,Intermediate,C24_match,850
473,Intermediate,C24_ceiling,1800
473,Rapid,AUC_match,1500
473,Rapid,C24_match,1400
473,Rapid,C24_ceiling,1800
474,Slow,AUC_match,850
474,Slow,C24_match,200
474,Slow,C24_ceiling,750
474,Intermediate,AUC_match,1250
474,Intermediate,C24_match,700
474,Intermediate,C24_ceiling,1800
474,Rapid,AUC_match,1500
474,Rapid,C24_match,1150
474,Rapid,C24_ceiling,1800
475,Slow,AUC_match,550
475,Slow,C24_match,200
475,Slow,C24_ceiling,250
475,Intermediate,AUC_match,1250
475,Intermediate,C24_match,1800
475,Intermediate,C24_ceiling,1800
475,Rapid,AUC_match,1800
475,Rapid,C24_match,1800
475,Rapid,C24_ceiling,1800
476,Slow,AUC_match,650
476,Slow,C24_match,200
476,Slow,C24_ceiling,500
476,Intermediate,AUC_match,1300
476,Intermediate,C24_match,1800
476,Intermediate,C24_ceiling,1800
476,Rapid,AUC_match,1800
476,Rapid,C24_match,1800
476,Rapid,C24_ceiling,1800
477,Slow,AUC_match,650
477,Slow,C24_match,200
477,Slow,C24_ceiling,300
477,Intermediate,AUC_match,1200
477,Intermediate,C24_match,1000
477,Intermediate,C24_ceiling,1800
477,Rapid,AUC_match,1600
477,Rapid,C24_match,1800
477,Rapid,C24_ceiling,1800
478,Slow,AUC_match,550
478,Slow,C24_match,200
478,Slow,C24_ceiling,200
478,Intermediate,AUC_match,1100
478,Intermediate,C24_match,550
478,Intermediate,C24_ceiling,1800
478,Rapid,AUC_match,1750
478,Rapid,C24_match,1750
478,Rapid,C24_ceiling,1800
479,Slow,AUC_match,1800
479,Slow,C24_match,250
479,Slow,C24_ceiling,1800
479,Intermediate,AUC_match,1800
479,Intermediate,C24_match,450
479,Intermediate,C24_ceiling,1800
479,Rapid,AUC_match,1800
479,Rapid,C24_match,850
479,Rapid,C24_ceiling,1800
480,Slow,AUC_match,750
480,Slow,C24_match,200
480,Slow,C24_ceiling,700
480,Intermediate,AUC_match,1300
480,Intermediate,C24_match,1700
480,Intermediate,C24_ceiling,1800
480,Rapid,AUC_match,1300
480,Rapid,C24_match,1500
480,Rapid,C24_ceiling,1800
481,Slow,AUC_match,750
481,Slow,C24_match,200
481,Slow,C24_ceiling,500
481,Intermediate,AUC_match,1300
481,Intermediate,C24_match,1400
481,Intermediate,C24_ceiling,1800
481,Rapid,AUC_match,1800
481,Rapid,C24_match,1800
481,Rapid,C24_ceiling,1800
482,Slow,AUC_match,650
482,Slow,C24_match,200
482,Slow,C24_ceiling,350
482,Intermediate,AUC_match,1350
482,Intermediate,C24_match,1100
482,Intermediate,C24_ceiling,1800
482,Rapid,AUC_match,850
482,Rapid,C24_match,200
482,Rapid,C24_ceiling,850
483,Slow,AUC_match,600
483,Slow,C24_match,200
483,Slow,C24_ceiling,200
483,Intermediate,AUC_match,1150
483,Intermediate,C24_match,600
483,Intermediate,C24_ceiling,1800
483,Rapid,AUC_match,1350
483,Rapid,C24_match,900
483,Rapid,C24_ceiling,1800
484,Slow,AUC_match,600
484,Slow,C24_match,200
484,Slow,C24_ceiling,250
484,Intermediate,AUC_match,1050
484,Intermediate,C24_match,600
484,Intermediate,C24_ceiling,1800
484,Rapid,AUC_match,1500
484,Rapid,C24_match,1600
484,Rapid,C24_ceiling,1800
485,Slow,AUC_match,550
485,Slow,C24_match,200
485,Slow,C24_ceiling,250
485,Intermediate,AUC_match,1200
485,Intermediate,C24_match,1800
485,Intermediate,C24_ceiling,1800
485,Rapid,AUC_match,1800
485,Rapid,C24_match,1800
485,Rapid,C24_ceiling,1800
486,Slow,AUC_match,650
486,Slow,C24_match,200
486,Slow,C24_ceiling,400
486,Intermediate,AUC_match,1200
486,Intermediate,C24_match,700
486,Intermediate,C24_ceiling,1800
486,Rapid,AUC_match,1550
486,Rapid,C24_match,1350
486,Rapid,C24_ceiling,1800
487,Slow,AUC_match,650
487,Slow,C24_match,200
487,Slow,C24_ceiling,300
487,Intermediate,AUC_match,1200
487,Intermediate,C24_match,700
487,Intermediate,C24_ceiling,1800
487,Rapid,AUC_match,850
487,Rapid,C24_match,200
487,Rapid,C24_ceiling,800
488,Slow,AUC_match,800
488,Slow,C24_match,250
488,Slow,C24_ceiling,950
488,Intermediate,AUC_match,1400
488,Intermediate,C24_match,1800
488,Intermediate,C24_ceiling,1800
488,Rapid,AUC_match,1150
488,Rapid,C24_match,1350
488,Rapid,C24_ceiling,1800
489,Slow,AUC_match,550
489,Slow,C24_match,200
489,Slow,C24_ceiling,200
489,Intermediate,AUC_match,1150
489,Intermediate,C24_match,550
489,Intermediate,C24_ceiling,1800
489,Rapid,AUC_match,1350
489,Rapid,C24_match,800
489,Rapid,C24_ceiling,1800
490,Slow,AUC_match,700
490,Slow,C24_match,200
490,Slow,C24_ceiling,450
490,Intermediate,AUC_match,1200
490,Intermediate,C24_match,750
490,Intermediate,C24_ceiling,1800
490,Rapid,AUC_match,1800
490,Rapid,C24_match,1800
490,Rapid,C24_ceiling,1800
491,Slow,AUC_match,700
491,Slow,C24_match,200
491,Slow,C24_ceiling,500
491,Intermediate,AUC_match,1400
491,Intermediate,C24_match,1800
491,Intermediate,C24_ceiling,1800
491,Rapid,AUC_match,1200
491,Rapid,C24_match,1200
491,Rapid,C24_ceiling,1800
492,Slow,AUC_match,700
492,Slow,C24_match,200
492,Slow,C24_ceiling,700
492,Intermediate,AUC_match,1250
492,Intermediate,C24_match,1800
492,Intermediate,C24_ceiling,1800
492,Rapid,AUC_match,1800
492,Rapid,C24_match,1800
492,Rapid,C24_ceiling,1800
493,Slow,AUC_match,650
493,Slow,C24_match,200
493,Slow,C24_ceiling,400
493,Intermediate,AUC_match,1250
493,Intermediate,C24_match,1500
493,Intermediate,C24_ceiling,1800
493,Rapid,AUC_match,1150
493,Rapid,C24_match,1050
493,Rapid,C24_ceiling,1800
494,Slow,AUC_match,550
494,Slow,C24_match,200
494,Slow,C24_ceiling,200
494,Intermediate,AUC_match,1250
494,Intermediate,C24_match,1800
494,Intermediate,C24_ceiling,1800
494,Rapid,AUC_match,1800
494,Rapid,C24_match,1800
494,Rapid,C24_ceiling,1800
495,Slow,AUC_match,600
495,Slow,C24_match,200
495,Slow,C24_ceiling,400
495,Intermediate,AUC_match,1100
495,Intermediate,C24_match,950
495,Intermediate,C24_ceiling,1800
495,Rapid,AUC_match,1000
495,Rapid,C24_match,600
495,Rapid,C24_ceiling,1800
496,Slow,AUC_match,750
496,Slow,C24_match,200
496,Slow,C24_ceiling,650
496,Intermediate,AUC_match,1400
496,Intermediate,C24_match,1350
496,Intermediate,C24_ceiling,1800
496,Rapid,AUC_match,1700
496,Rapid,C24_match,1800
496,Rapid,C24_ceiling,1800
497,Slow,AUC_match,650
497,Slow,C24_match,200
497,Slow,C24_ceiling,350
497,Intermediate,AUC_match,1250
497,Intermediate,C24_match,1000
497,Intermediate,C24_ceiling,1800
497,Rapid,AUC_match,1700
497,Rapid,C24_match,1800
497,Rapid,C24_ceiling,1800
498,Slow,AUC_match,600
498,Slow,C24_match,200
498,Slow,C24_ceiling,250
498,Intermediate,AUC_match,1300
498,Intermediate,C24_match,950
498,Intermediate,C24_ceiling,1800
498,Rapid,AUC_match,1250
498,Rapid,C24_match,800
498,Rapid,C24_ceiling,1800
499,Slow,AUC_match,700
499,Slow,C24_match,200
499,Slow,C24_ceiling,500
499,Intermediate,AUC_match,1300
499,Intermediate,C24_match,800
499,Intermediate,C24_ceiling,1800
499,Rapid,AUC_match,1300
499,Rapid,C24_match,850
499,Rapid,C24_ceiling,1800
